sqft,beds,baths,age,garage,stories,lot_size,distance_to_city,crime_rate,school_rating,has_pool,has_fireplace,neighborhood_code,year_renovated,price
1479,1,2,31,0,1,1412.88,15.39,0.138,5,1,1,2,0,316865.31
2924,2,4,24,1,3,2472.82,19.17,0.9175,3,0,0,0,2009,540383.56
3986,5,2,35,2,3,1198.71,11.68,0.0459,7,0,1,3,2019,744544.64
1535,4,3,20,1,2,1020.12,8.66,0.6559,2,0,0,2,2006,375958.95
1217,5,4,40,3,2,136.36,3.78,0.2826,8,0,1,3,2002,367738.7
2033,5,3,38,1,3,355.39,18.4,0.7096,8,1,0,4,2010,470632.81
3560,2,4,42,3,2,1335.93,5.88,0.3218,10,1,0,5,2019,713568.87
3203,2,1,41,1,2,1514.35,12.45,0.1236,7,0,1,2,2014,579678.07
1059,2,3,17,0,1,382.23,19.5,0.1007,7,1,0,1,2012,242398.74
2483,6,1,4,0,1,1316.46,24.01,0.0369,8,0,1,5,2020,560417.34
3384,2,4,29,0,3,2994.66,12.29,0.5231,1,0,1,4,2010,653276.95
1546,4,3,32,1,1,201.42,26.53,0.6169,7,0,1,0,2015,319982.5
3466,6,3,17,3,2,2877.31,6.13,0.5416,9,1,0,4,2011,763329.32
3027,1,4,50,1,1,1575.4,1.4,0.5183,10,0,1,2,2021,545008.59
3552,1,4,7,0,1,553.43,13.56,0.8656,8,1,1,0,2009,641075.26
1827,2,3,20,0,2,536.6,10.87,0.7798,6,1,0,5,2012,422909.25
3727,4,1,5,0,1,1450.01,28.14,0.0265,6,0,0,1,2001,687826.13
3679,4,4,11,2,2,483.12,26.21,0.9795,2,0,1,3,2016,683349.04
3149,1,4,22,2,1,2529.45,16.12,0.5474,2,0,0,1,2005,577617.54
962,3,4,46,2,1,798.27,25.97,0.1489,1,1,0,1,2005,226337.55
1230,6,4,33,3,3,598.5,23.81,0.0146,4,1,0,4,0,370133.54
2929,3,2,22,0,3,1497.03,25.71,0.1698,6,1,0,0,2002,546563.8
1343,1,4,18,0,2,327.3,15.2,0.567,1,0,0,3,0,280456.4
1960,5,4,5,2,3,1811.21,2.77,0.5216,3,1,0,5,2001,539468.88
3099,3,4,11,1,1,399.38,26.57,0.8202,5,1,0,5,2016,598140.76
3879,4,2,34,2,2,1148.34,6.99,0.5507,7,1,1,5,2010,752465.28
3791,3,4,21,1,1,2932.82,1.5,0.4848,2,0,0,1,2002,693026.16
874,6,2,25,1,1,855.93,16.42,0.3707,3,1,1,3,2003,295962.58
1273,4,4,25,1,1,1002.78,24.84,0.4777,9,0,0,3,2003,327990.72
3370,4,2,37,3,3,1726.47,23.03,0.5944,1,1,0,3,2014,632989.93
3351,5,3,14,1,2,2045.89,6.73,0.429,7,1,0,5,2004,708189.24
2792,2,4,38,2,2,656.08,22.99,0.5397,10,1,1,3,2008,534295.7
2084,4,1,28,0,1,1991.98,5.94,0.3753,5,0,0,2,2016,452157.15
989,6,4,21,0,1,418.55,15.08,0.1722,1,0,0,5,0,294311.94
3637,4,3,42,1,2,490.67,26.68,0.7145,4,1,1,5,2005,662753.55
3391,3,3,1,3,1,2537.21,13.08,0.7586,9,0,0,4,2016,717620.89
1654,1,4,43,3,3,1107.71,2.76,0.1103,1,1,0,0,2018,354694.56
1124,4,2,7,3,2,165.2,21.23,0.1275,10,0,1,2,2001,324110.5
3443,2,2,16,3,3,1374.5,21.71,0.1766,9,1,0,4,2017,676829.33
3243,1,2,50,3,3,1704.19,5.25,0.9781,7,0,0,5,2004,605503.14
3151,3,4,46,2,2,3089.09,27.53,0.0707,8,0,1,0,2020,569617.93
801,3,1,19,0,3,353.57,24.91,0.1041,5,1,1,0,2007,213874.84
1276,4,1,6,3,3,545.38,23.73,0.8262,1,1,1,0,2005,311974.04
2732,3,3,18,3,1,554.66,0.68,0.1245,8,0,0,0,2010,555243.38
3326,3,3,4,2,3,3097.54,3.31,0.8207,6,0,1,5,2011,731993.09
2294,6,1,44,2,1,299.77,27.02,0.0612,8,1,1,5,2002,484302.56
1495,6,2,35,3,3,1398.47,18.39,0.7936,4,1,1,5,0,417399.49
3259,6,3,28,1,1,1714.73,16.66,0.384,5,1,0,5,2001,664633.28
3041,3,3,50,3,3,797.5,15.44,0.6043,7,1,1,5,2008,614288.19
1814,1,3,39,1,1,868.92,28.88,0.7148,2,0,1,3,2021,331810.01
1697,6,2,17,1,3,384.0,3.72,0.8693,9,1,0,4,2004,452561.79
874,3,1,19,2,3,557.25,11.77,0.9285,1,0,0,1,2018,231793.21
1964,3,1,35,0,2,1331.81,2.53,0.1452,9,0,0,2,2013,397158.97
2688,2,3,19,2,1,1142.55,12.58,0.9954,5,1,0,2,2017,537269.84
813,5,3,0,2,1,810.64,1.75,0.3286,7,0,0,4,2007,311154.8
2134,1,1,18,1,1,412.77,20.46,0.9355,1,1,1,3,2005,392948.25
1149,3,2,20,0,3,655.16,7.92,0.0746,3,1,0,1,2005,282708.18
3574,3,1,32,3,2,2429.61,19.59,0.6666,8,0,1,2,2002,657791.27
2687,6,3,41,0,3,987.39,14.72,0.9518,4,0,1,1,2010,542136.34
1709,3,4,34,1,2,778.93,25.41,0.639,5,1,1,2,2019,357002.72
1826,3,1,17,1,3,570.49,13.83,0.5482,9,1,1,0,2011,413195.81
2303,4,1,20,1,3,2116.89,28.53,0.2553,4,0,1,5,2000,511434.55
2594,2,1,32,0,2,1470.7,2.11,0.9641,3,1,1,4,2016,498858.13
3659,4,2,27,3,2,893.6,9.61,0.9058,10,0,1,4,2015,699451.02
1869,5,1,40,1,2,226.87,4.18,0.7682,1,0,0,5,2001,423436.34
3911,2,3,38,0,3,2045.84,15.53,0.1595,6,1,1,5,2012,716963.88
1197,6,2,33,1,3,869.7,5.25,0.615,2,0,1,0,2006,296491.58
2772,2,2,44,1,2,2255.26,25.12,0.4911,7,1,1,1,2012,529629.15
3531,1,4,32,2,1,825.76,12.76,0.3814,3,1,0,3,2009,630682.55
2731,6,1,42,0,1,1880.83,2.73,0.136,8,0,0,0,2001,559872.05
1881,3,1,50,2,2,605.04,18.7,0.5357,6,0,0,5,2021,378466.55
1529,2,1,2,2,2,806.72,17.99,0.6145,1,0,1,1,2019,351202.84
2405,1,4,28,2,3,567.57,8.4,0.8408,6,1,0,1,2010,487024.65
2155,4,3,18,2,3,1296.36,1.89,0.1435,5,1,0,0,2018,485417.88
1380,6,4,16,3,1,769.59,17.18,0.9357,5,0,1,1,2010,348433.4
3849,4,1,12,0,2,2283.22,21.5,0.5543,10,0,1,5,2006,755890.36
1289,3,3,45,0,1,1059.4,1.55,0.1515,6,1,1,3,2019,302117.63
1160,6,4,11,3,3,793.68,13.76,0.3049,7,0,1,3,2001,378813.33
827,2,2,34,3,1,522.81,20.16,0.3558,2,1,0,4,2016,243579.0
1587,5,2,14,1,3,512.23,27.84,0.6696,6,1,1,3,2008,381331.26
3985,4,2,19,0,3,3303.95,23.57,0.7,9,0,0,0,2021,751001.16
3678,5,1,43,0,2,971.3,8.22,0.1329,6,1,1,1,2000,675955.85
2824,1,2,18,1,3,2007.95,1.94,0.9316,6,1,0,2,2000,558427.88
2513,5,1,20,1,2,2433.18,27.83,0.8613,4,1,0,3,2021,516858.54
1283,4,1,28,0,3,151.11,4.53,0.6354,6,0,1,2,2008,302318.77
3928,1,1,39,0,2,1498.46,23.22,0.8645,10,0,0,4,2017,687120.62
3255,6,1,27,0,3,621.74,0.97,0.1411,1,1,0,1,2005,634882.94
1792,2,1,6,0,1,581.95,0.77,0.6374,10,0,1,0,2021,401835.79
2495,5,4,42,0,2,1531.43,9.26,0.1365,10,0,0,0,2011,520751.83
2554,5,4,12,0,3,2014.62,20.98,0.2974,7,1,0,1,2001,548659.69
2014,3,2,5,0,2,718.47,28.76,0.7919,2,1,0,4,2020,417310.39
3423,2,1,38,2,3,3224.75,6.74,0.338,2,0,1,2,2015,635271.77
3385,5,2,35,0,3,926.6,0.58,0.1325,1,1,1,3,2008,656523.01
3410,4,1,28,2,1,2119.76,23.82,0.0566,6,0,0,5,2017,659739.54
2272,4,1,10,2,2,1089.93,15.78,0.5898,6,1,1,0,2021,476204.93
911,2,4,22,2,3,379.07,17.49,0.569,10,0,0,3,2004,268267.76
2043,6,3,18,1,1,1762.3,4.8,0.557,4,1,1,2,2000,472086.43
891,4,4,7,1,3,730.61,3.99,0.4183,7,1,0,1,2015,310499.5
1134,5,2,48,0,2,399.64,17.96,0.4193,9,0,1,2,2015,287107.5
3962,1,2,36,0,2,833.38,9.45,0.0841,2,0,0,4,2011,686245.92
2058,1,1,28,2,2,1831.76,10.35,0.1162,1,1,1,1,2005,411752.09
1513,1,2,20,2,3,872.78,17.16,0.5758,3,1,1,3,2003,337266.86
3083,4,1,50,1,2,1791.19,28.27,0.9666,10,0,1,5,2018,592369.82
3775,5,3,29,0,3,3144.18,21.14,0.2021,5,0,0,5,2003,744176.19
877,2,3,47,2,3,687.4,12.07,0.5928,3,1,0,5,2010,278625.99
2908,1,2,19,2,2,397.5,22.99,0.3617,5,0,1,5,2001,572218.56
1080,4,3,1,2,2,911.67,1.06,0.5164,3,0,0,1,2001,309495.02
1423,3,1,22,1,3,857.01,11.83,0.9085,5,0,0,5,2008,374574.53
1492,3,2,29,1,2,1116.98,1.92,0.819,8,1,0,3,2019,357213.74
991,6,4,5,1,1,844.71,12.41,0.5846,10,1,1,5,2012,378153.29
1068,4,4,49,2,3,490.47,6.53,0.4539,2,1,1,3,2004,291438.37
3261,4,3,49,1,1,457.97,6.52,0.2411,5,0,0,0,2003,581292.2
1066,4,1,34,3,2,338.23,20.35,0.5437,4,1,0,0,2015,276002.47
3378,3,1,40,3,1,1487.65,18.9,0.9208,1,0,0,4,2017,612319.88
2798,4,4,18,0,3,2441.42,5.71,0.7187,4,1,1,5,2004,638120.67
2759,1,1,39,2,1,1043.8,2.69,0.6325,1,1,0,2,2019,493105.13
1884,3,3,11,2,2,473.27,15.43,0.153,5,0,0,3,2017,427220.19
1202,4,2,24,1,3,425.61,22.15,0.2303,3,1,0,3,2000,306481.83
1734,1,2,32,1,1,549.85,23.39,0.6224,4,1,1,5,2002,365827.8
2310,6,1,5,2,2,889.41,1.06,0.0402,7,0,0,5,2016,532876.11
2856,2,3,39,1,1,1561.65,24.5,0.7206,5,1,0,2,2018,505953.35
3797,5,2,26,0,2,2411.26,26.49,0.798,4,0,1,1,2014,704596.8
1802,3,2,35,1,2,1044.48,5.85,0.9562,9,1,1,1,2003,425396.03
3435,1,4,44,2,2,2959.07,5.66,0.136,2,1,1,2,2011,629577.23
3884,6,4,38,1,3,2018.04,10.2,0.5204,2,0,1,4,2001,757811.66
962,2,4,32,0,3,169.45,2.89,0.446,1,1,1,3,2015,257051.87
2597,6,1,36,0,1,1838.55,22.67,0.5421,3,0,0,3,2003,528133.77
2898,6,4,20,0,2,2651.09,19.85,0.2687,2,0,1,5,2012,615888.43
844,5,4,32,1,1,454.15,20.58,0.7945,8,0,1,5,2005,279923.76
2777,1,2,43,3,3,1309.79,11.79,0.836,8,1,0,3,2009,559184.22
3675,4,4,0,2,1,3658.12,13.77,0.2716,2,1,1,3,2001,736642.29
3485,6,1,13,1,2,2894.98,20.18,0.2637,10,1,1,4,2013,718739.18
3508,6,1,37,2,2,558.39,28.05,0.0586,8,0,0,1,2007,650038.1
2066,2,3,14,0,3,368.52,18.41,0.3648,5,1,0,5,2020,456189.09
1210,4,4,12,0,2,733.06,24.08,0.1663,3,1,0,0,2021,302813.47
3717,4,2,7,0,2,622.52,16.13,0.5983,3,1,1,5,2014,704884.2
3947,5,2,27,1,3,3194.35,14.8,0.3995,7,1,1,4,2008,810918.27
3609,5,1,22,2,1,1507.23,3.02,0.129,4,1,0,0,2001,686912.22
1719,3,1,45,2,1,438.17,5.48,0.9295,1,0,1,3,2001,355879.56
2968,6,3,46,0,1,2693.11,16.95,0.5046,10,1,0,3,2008,599176.01
2213,1,2,14,1,2,2208.98,15.15,0.379,1,0,0,5,2010,456048.48
1908,1,2,50,0,2,874.95,7.11,0.9273,9,0,0,1,2007,379476.2
2159,6,2,6,2,1,1515.12,18.89,0.638,3,0,0,4,2002,514580.67
3195,1,3,37,3,3,1722.27,7.92,0.5587,9,1,1,4,2012,633228.12
3359,2,2,21,3,2,2674.72,5.32,0.5355,3,0,1,5,2018,658278.23
2162,5,4,47,0,1,656.99,8.76,0.4212,7,0,0,4,2021,437122.19
897,5,2,29,3,2,195.14,16.94,0.8218,6,1,1,1,2021,265170.0
1151,5,4,20,3,2,680.63,4.94,0.3661,6,0,0,1,2003,319065.26
1755,3,1,8,3,1,666.26,1.81,0.0661,2,0,0,4,2007,401513.89
1685,6,2,30,3,1,677.78,0.84,0.8009,6,1,1,5,2003,453519.72
1086,1,3,13,0,2,391.44,10.06,0.2977,8,0,1,5,2000,306266.64
2065,4,1,2,2,2,938.49,15.31,0.2706,9,1,1,2,2001,501558.36
3226,6,1,19,3,1,1570.32,18.66,0.887,4,0,1,4,2009,661211.14
1610,4,1,1,2,3,1506.09,7.8,0.5163,9,1,0,1,2016,418770.3
2641,3,4,12,1,3,865.5,1.26,0.3861,8,1,1,4,2003,590350.97
1419,2,1,15,2,1,232.51,14.63,0.1731,1,1,1,1,2010,314410.9
1171,1,1,23,3,1,679.65,0.85,0.7991,5,1,0,2,2013,307117.94
2794,3,3,3,3,2,1018.21,18.05,0.3706,7,1,0,0,2002,586855.05
3739,5,2,19,1,3,2081.06,15.42,0.8061,8,0,0,3,2014,726164.85
2902,2,3,18,1,3,1562.63,12.85,0.7746,2,0,0,1,2020,563351.55
2380,5,1,3,0,1,1474.63,23.92,0.1105,3,1,0,4,2016,521065.69
1118,4,4,35,1,1,507.83,26.97,0.1498,10,1,0,1,2012,287743.93
3164,4,2,20,0,3,765.34,19.73,0.1503,7,1,0,5,2014,618684.85
3682,1,2,35,3,3,1872.66,14.0,0.7662,4,1,0,4,2008,696072.89
2760,1,3,27,3,2,2059.13,17.19,0.0246,6,0,1,5,2021,538550.62
2460,4,1,38,2,3,2256.37,10.78,0.883,1,0,1,0,2007,484432.74
3422,4,2,41,2,1,1861.04,3.62,0.8231,8,1,0,2,2017,668501.52
1413,5,3,29,0,3,1285.88,3.01,0.583,2,1,0,5,0,375531.91
1172,4,3,9,2,2,344.36,9.41,0.7906,10,1,0,3,2010,367565.37
2405,6,1,8,0,2,1639.74,12.4,0.2976,7,0,1,0,2007,537128.58
3647,2,3,21,1,3,3177.38,8.18,0.1241,1,0,1,4,2013,711357.78
2958,3,4,37,1,3,626.1,20.96,0.2807,5,1,0,5,2012,607932.16
3581,6,4,38,0,2,2531.2,0.92,0.5065,4,1,1,3,2020,735813.83
2708,1,2,24,1,3,1538.38,27.19,0.4651,8,0,0,3,2009,514447.87
3393,6,2,35,1,2,2580.5,6.35,0.9071,9,1,0,1,2011,696403.93
3130,2,1,29,1,3,1094.57,26.43,0.6748,4,0,0,5,2003,600011.6
1426,3,1,4,1,1,289.54,4.53,0.6536,3,1,1,5,2013,361199.88
2149,5,3,33,3,2,436.59,10.28,0.2033,5,1,0,2,2011,469260.31
901,2,1,41,0,1,843.56,17.01,0.5502,2,1,0,0,2011,174758.12
2839,4,4,17,0,2,492.52,22.41,0.2357,5,1,1,0,2000,537733.01
2722,4,1,46,2,2,1295.0,21.34,0.1342,8,0,0,1,2014,525503.22
872,3,4,19,3,2,486.47,24.05,0.2393,10,0,0,4,0,282142.87
2885,1,2,22,1,1,2718.51,4.41,0.6224,6,0,0,2,2010,544440.23
2856,3,3,26,2,2,1124.73,21.38,0.1179,4,1,1,3,2002,569858.56
1693,6,1,28,2,2,421.76,13.11,0.9378,8,1,1,0,2016,409787.27
2778,6,2,20,3,3,795.03,1.72,0.3037,3,1,1,5,2012,615623.12
1717,6,2,22,0,1,1448.33,20.95,0.1531,1,0,0,4,2014,393047.1
3251,1,4,33,3,3,2180.27,8.97,0.7909,4,0,1,3,2006,613318.9
2905,6,3,34,1,2,2798.99,0.84,0.8596,8,1,0,0,0,624732.06
1354,3,1,10,3,1,877.0,9.03,0.1107,6,1,1,0,2019,320533.91
2154,6,1,3,2,1,537.55,21.81,0.7288,6,1,0,1,2001,486849.78
3132,6,3,6,0,3,892.15,19.45,0.4826,3,0,1,5,2003,672275.4
3242,6,4,11,1,3,1189.2,5.59,0.7005,1,1,1,0,2000,679487.38
913,2,2,26,2,1,760.23,6.28,0.4555,5,0,1,5,2008,284059.99
1738,5,1,24,3,2,1140.06,24.86,0.4338,10,1,0,5,2021,426489.68
3360,2,2,8,1,3,768.25,17.4,0.7382,8,0,0,3,2001,664465.96
2264,4,4,2,3,2,1493.58,5.67,0.4809,1,0,0,1,0,499356.59
3716,1,2,2,3,1,1333.53,27.21,0.1322,2,1,0,1,2017,660687.42
3507,5,1,1,1,1,1521.0,21.86,0.4128,3,1,0,3,2008,670909.9
2544,4,3,18,2,2,492.42,7.92,0.1281,1,0,0,3,2016,533817.44
1769,2,1,44,0,2,796.78,21.53,0.9318,2,0,1,1,2004,319276.28
890,2,1,34,0,3,281.64,7.54,0.6715,3,0,0,1,2003,199629.9
1468,6,3,0,0,3,209.51,23.27,0.2378,6,0,0,1,2021,375182.65
3616,5,4,13,0,2,3278.28,8.68,0.7384,2,1,1,4,2008,763618.87
1765,4,2,27,1,1,411.74,5.87,0.6787,2,1,0,0,2021,353725.61
3278,4,4,2,3,1,1182.46,12.39,0.3937,1,0,1,3,2019,670533.11
2728,2,2,3,2,2,1206.73,12.7,0.9036,8,0,1,3,2018,568599.48
1815,1,2,42,2,2,1101.48,12.59,0.3302,4,1,1,1,2018,362582.34
1600,5,3,21,3,2,1518.6,16.89,0.3511,10,1,1,4,2007,456897.19
1242,6,4,49,0,1,1117.46,0.6,0.4153,2,0,0,5,2014,337664.34
895,3,1,30,3,2,664.74,25.38,0.2246,8,1,0,3,0,242292.24
3092,6,3,3,0,1,2262.63,9.93,0.5264,9,1,0,5,2017,690659.07
3394,3,4,14,2,1,1742.26,26.64,0.5869,10,1,1,2,2012,651256.49
895,5,2,11,1,3,382.42,12.97,0.8317,7,1,1,2,2009,309421.83
3795,2,2,32,0,2,3346.89,23.27,0.2767,10,1,1,5,2002,743873.35
1814,4,3,12,3,2,1454.66,11.37,0.9595,10,0,1,5,2018,461464.77
3835,6,4,3,1,1,1128.88,29.27,0.8415,9,0,1,5,2015,770792.34
1238,6,4,42,0,1,365.67,1.47,0.7134,9,0,1,5,2005,374538.61
3573,4,2,48,3,2,1168.57,24.33,0.1794,9,0,0,3,2001,672192.1
3238,5,3,40,2,3,3169.21,23.16,0.0448,9,0,0,5,2000,680819.99
1043,3,2,5,0,1,796.44,12.28,0.6376,1,0,1,5,2004,284934.85
3155,5,3,29,1,2,1776.88,27.67,0.0169,9,0,0,0,2001,620448.01
3993,5,4,7,0,2,2400.79,6.01,0.1093,4,1,0,3,2004,780003.56
1217,4,2,31,0,3,191.94,10.93,0.0185,2,0,0,5,2015,295609.61
1912,1,3,41,0,3,512.03,28.56,0.3791,8,0,0,1,2009,370969.7
2871,1,3,2,1,2,2005.54,28.05,0.9614,1,1,0,1,2016,548448.85
1827,1,2,6,1,3,562.23,12.38,0.3045,6,1,1,5,2016,421009.05
2954,6,2,25,3,3,1293.74,22.44,0.9579,2,0,0,2,2002,591610.6
2573,5,4,41,1,3,2166.7,9.18,0.9647,10,1,0,2,2020,559858.84
2288,3,2,16,0,3,949.58,22.54,0.3813,7,1,0,1,2013,464422.83
1343,3,4,43,2,1,142.08,2.76,0.2826,5,0,0,0,2018,290635.66
2596,5,4,24,1,3,397.06,23.07,0.0306,5,0,0,3,2009,546076.07
1011,1,1,11,1,2,439.78,16.99,0.1995,10,1,0,0,2009,249759.98
1522,2,4,32,3,1,486.13,22.3,0.5936,2,1,0,2,2016,344007.47
1458,6,4,38,3,2,521.79,23.67,0.7195,5,0,0,4,2010,387714.26
2340,4,2,28,1,1,892.66,14.8,0.694,5,1,1,2,2003,495446.84
2733,1,2,42,2,2,453.17,25.04,0.718,2,0,1,1,2002,472773.39
1376,3,1,2,0,3,497.16,1.64,0.7326,3,0,1,5,2009,359180.92
1145,5,1,19,1,3,569.21,4.51,0.4922,3,0,0,5,2013,323959.96
1762,4,4,47,2,1,225.27,11.31,0.8898,7,0,1,1,2005,369697.86
3403,4,2,19,2,1,2603.41,25.09,0.1008,10,1,0,3,2012,685880.16
1271,4,4,30,2,1,390.01,15.24,0.0039,6,1,1,5,2013,367292.31
3766,3,4,2,0,2,2116.1,1.24,0.35,4,0,0,5,0,750024.37
1176,6,3,45,1,3,623.93,4.02,0.2224,7,1,1,5,2013,367314.99
1765,4,4,25,1,2,338.49,28.69,0.3736,7,1,1,4,2009,424793.36
3391,6,2,24,0,1,2256.03,13.87,0.7636,5,0,0,5,0,691351.87
2335,1,3,30,0,1,1225.43,7.64,0.2162,3,0,0,1,2004,422762.31
3956,3,1,45,3,1,684.24,6.9,0.3553,4,0,1,2,2004,705526.42
3857,1,4,30,0,3,1883.91,13.39,0.3741,5,1,1,4,2015,733554.18
3893,2,4,42,1,1,1086.72,19.41,0.2535,1,1,0,4,2009,686227.92
3645,2,2,50,0,2,1776.47,6.14,0.9954,4,1,0,4,2011,680643.4
1641,5,4,10,3,2,891.9,10.72,0.7123,7,0,0,2,2015,430002.2
1564,6,3,40,1,3,168.21,19.28,0.9274,7,1,0,4,2021,403943.99
3333,4,1,42,0,1,1469.63,2.58,0.0167,2,0,0,0,2004,585753.16
1883,4,3,48,1,2,1563.82,23.92,0.4409,1,1,1,4,2021,413986.2
1408,3,3,42,2,2,662.44,10.06,0.4412,4,1,0,3,2014,316488.75
3236,5,3,29,0,3,1359.27,27.67,0.352,3,1,0,3,2011,630848.69
1380,6,2,34,0,3,143.63,24.12,0.6365,5,0,0,2,2009,327552.49
2163,2,3,38,1,1,2140.87,18.55,0.2796,10,0,1,0,2021,438665.25
825,5,3,42,1,3,689.51,17.08,0.8261,8,1,0,5,2020,291300.72
2595,6,4,1,1,2,2285.65,16.51,0.9677,4,1,0,1,2015,568691.32
2483,5,3,3,0,1,1764.1,21.84,0.8318,10,0,1,1,2020,539327.38
1365,2,4,7,3,2,200.48,21.88,0.5573,3,1,1,3,0,327188.52
3890,5,4,31,1,2,2619.45,9.64,0.2542,10,1,0,3,2019,753903.51
3180,5,1,26,3,2,442.85,15.96,0.8595,10,1,1,0,2012,619324.67
1881,6,1,3,2,3,1652.3,0.5,0.7703,9,1,0,5,2000,533777.91
3452,3,1,8,0,2,825.65,7.91,0.7461,2,1,0,1,0,644223.68
3112,6,4,39,2,1,2275.12,21.36,0.857,3,1,0,5,2021,650177.0
3592,3,4,24,1,1,1744.98,26.67,0.922,9,1,0,1,2005,674892.4
3951,1,2,42,1,2,3749.96,24.62,0.9593,2,1,1,4,2004,711967.28
2442,2,1,47,0,3,1561.71,27.59,0.9261,5,0,1,0,2011,417382.75
2005,1,3,0,2,2,464.51,22.92,0.0308,1,1,0,5,2015,434670.85
2154,2,1,45,0,2,795.22,5.71,0.1172,10,0,1,4,2012,421669.09
3825,5,1,41,0,2,2844.0,11.41,0.2524,1,1,1,1,2000,705253.36
878,5,4,14,2,2,819.35,26.75,0.6014,1,1,0,3,2001,296271.43
2002,2,4,47,3,3,712.31,16.81,0.0207,8,1,1,1,2021,414972.12
3236,3,3,44,0,2,1536.29,4.2,0.9017,4,1,1,4,2000,633078.76
2409,6,4,33,0,2,1412.39,3.92,0.0609,4,1,1,3,2000,555682.31
3596,3,1,36,1,3,1554.25,3.61,0.9833,3,0,0,2,2017,669713.37
3906,2,3,28,2,2,2700.1,17.35,0.2436,1,0,1,5,2015,727029.23
2705,4,2,36,1,3,1034.02,22.31,0.4966,9,0,0,0,2006,527325.05
1302,6,2,39,2,3,296.64,24.97,0.1007,2,1,1,0,2000,333149.72
1355,1,1,26,3,1,367.88,19.0,0.8203,4,0,0,3,2019,274740.23
2931,3,4,49,1,3,2876.23,3.99,0.1335,2,1,1,0,2008,573966.05
2601,3,3,40,1,2,2101.29,26.2,0.2247,6,1,0,1,2012,499230.89
1231,2,2,49,0,3,687.1,7.64,0.9607,10,1,0,3,2010,319542.79
1236,3,1,28,3,2,328.46,28.62,0.8217,7,0,0,5,2002,333284.12
3065,3,1,10,3,2,2363.02,20.44,0.2785,3,1,1,1,2018,608727.73
1479,2,2,39,2,2,1432.55,23.35,0.1959,5,0,0,4,2021,343131.04
1462,6,1,7,3,1,1214.94,15.99,0.4903,7,0,1,3,2001,410778.77
2884,2,1,48,3,1,855.83,10.04,0.3273,5,0,0,1,2002,504338.85
2830,5,3,16,2,1,2563.27,5.72,0.5042,8,0,1,3,2000,608968.3
3507,6,1,3,1,3,1612.44,19.49,0.1918,10,0,0,4,2005,721623.27
2384,2,2,21,0,3,1527.29,25.58,0.3437,5,0,0,5,2012,469558.25
2024,4,2,9,1,2,464.37,24.24,0.3685,2,1,0,1,2012,422254.8
1914,6,3,42,1,3,1687.09,18.41,0.3108,3,0,1,0,2014,390710.62
1323,5,2,4,0,3,1242.69,20.99,0.8064,9,1,1,1,2007,382541.25
1495,2,4,37,2,3,340.13,9.04,0.526,7,0,1,5,2021,351437.92
3845,4,4,7,3,1,3810.45,2.04,0.7272,1,0,1,2,2015,757328.61
3021,2,3,9,2,3,1798.2,26.31,0.2664,6,1,0,3,2017,598334.36
1654,2,1,2,1,3,989.74,28.18,0.2356,1,1,0,5,2018,401630.31
1015,4,3,8,0,1,806.84,6.07,0.7259,4,1,1,2,0,317470.74
2404,5,2,7,1,1,1685.3,3.53,0.6361,7,0,1,0,2000,511820.37
3015,2,1,44,3,1,2403.71,22.27,0.5652,8,0,1,1,2018,526741.25
2752,2,2,37,3,3,2687.65,27.73,0.641,10,0,0,0,2021,524371.91
1055,6,1,3,3,3,327.77,28.28,0.0181,1,1,0,2,2008,297997.62
3401,2,3,40,2,1,1407.36,4.79,0.6486,5,1,1,4,2013,653394.04
1977,1,4,31,3,3,703.15,27.91,0.218,6,0,1,1,2006,378600.4
2548,6,3,40,2,1,269.75,8.5,0.9735,9,0,1,2,2004,542990.4
2026,6,4,25,1,1,258.2,19.09,0.7147,1,1,0,5,2011,443236.4
1587,5,2,0,3,1,325.62,3.2,0.0982,1,1,0,2,2006,402082.67
1927,2,2,18,2,2,255.44,8.74,0.0037,1,1,1,4,2012,428806.77
2747,5,1,7,2,3,1311.92,19.04,0.8837,9,1,0,3,2007,587291.5
1013,4,1,35,3,3,491.14,22.75,0.1482,6,1,0,4,2000,307523.6
2192,4,4,14,0,1,1177.87,6.11,0.9839,10,1,1,1,2002,483511.3
1886,3,4,44,3,3,1474.48,9.45,0.423,6,1,1,3,2011,459691.81
3158,5,4,6,0,3,2421.35,9.82,0.0832,10,0,1,4,2020,708159.47
1786,1,4,21,1,1,1533.79,11.3,0.6139,10,1,1,2,2011,397031.88
1680,6,2,44,2,2,390.42,2.71,0.0063,1,1,1,4,2002,409356.83
1785,2,1,22,1,1,1365.28,25.76,0.9627,5,1,1,4,2003,391274.66
1170,2,4,21,1,2,806.67,23.04,0.6205,4,0,0,1,2010,258964.54
3997,5,3,33,3,3,1552.12,12.62,0.3242,6,0,0,1,2007,758418.75
1952,5,4,21,0,2,1492.24,5.89,0.6305,8,1,0,2,2007,452785.25
1830,5,3,20,2,1,918.31,22.81,0.1575,2,1,0,2,2004,416077.31
3377,1,3,4,2,1,1579.39,18.6,0.0322,6,0,0,5,2017,643445.37
3369,5,4,35,0,1,346.73,24.09,0.2282,6,0,0,2,2009,624245.84
1778,3,4,22,1,1,1578.63,15.61,0.3484,2,0,1,5,2005,417039.66
3524,2,2,25,1,3,2579.89,0.78,0.9074,5,1,1,0,2005,684776.03
3228,1,3,15,2,3,1838.93,24.98,0.4634,6,0,0,2,2007,593407.93
1362,3,3,42,1,2,1022.2,6.6,0.1496,5,1,0,0,2016,289981.22
1657,6,1,32,2,1,518.52,24.47,0.7761,8,1,1,3,2011,388730.22
3384,1,2,26,0,1,1566.03,20.94,0.6144,8,1,0,2,0,610691.49
2371,5,1,2,0,2,1125.48,4.33,0.3871,9,1,1,5,2011,558861.21
1737,3,4,34,1,3,250.68,26.59,0.9176,1,0,0,5,2018,385738.0
3638,2,4,25,1,3,3034.74,23.93,0.6596,1,1,1,5,2007,715048.86
1372,5,1,10,0,2,1037.08,1.12,0.4891,6,0,1,3,2001,368433.09
1088,6,4,42,1,3,1018.71,21.64,0.1834,1,1,0,0,2010,264748.79
3294,5,3,31,3,1,2901.11,17.36,0.9874,5,0,0,5,2018,660781.5
3114,5,4,31,3,3,1601.75,28.08,0.3028,5,0,0,2,2011,621183.07
1629,4,4,41,1,1,694.23,23.49,0.1504,3,1,0,4,2005,360653.18
2277,4,4,0,2,2,1324.51,8.43,0.031,2,1,0,4,2013,542051.12
2607,3,4,37,3,1,1433.05,7.0,0.0246,6,0,0,2,2010,506067.09
2915,2,1,19,1,3,2189.88,12.6,0.566,1,1,1,2,2021,548823.82
2513,1,2,23,1,1,2200.98,26.17,0.3594,9,0,1,1,2014,463604.47
1043,2,3,20,3,3,137.07,2.57,0.4498,4,0,0,5,2009,310168.25
3099,2,2,8,0,3,2513.12,10.08,0.7553,6,0,1,2,2021,628153.18
1771,1,3,29,3,3,739.33,25.25,0.1145,9,0,0,2,2005,378739.22
1341,5,3,16,3,1,1021.17,14.37,0.3448,10,0,0,4,2021,362274.45
1396,6,3,36,2,3,1125.47,27.48,0.0461,9,1,0,3,2012,382968.54
1891,6,3,30,1,1,324.32,25.27,0.3376,5,0,1,2,2003,427879.1
833,1,4,37,2,2,579.08,8.03,0.9317,4,1,0,3,2014,226519.91
2000,5,1,49,0,2,1740.36,15.94,0.7642,5,1,0,4,2006,431914.63
2500,5,2,0,0,1,2134.97,20.63,0.0292,7,1,0,2,2015,540600.2
2309,1,4,48,1,1,1089.48,28.49,0.3168,6,1,1,4,2014,455580.64
3237,3,2,43,2,2,559.99,13.93,0.7453,7,1,0,0,2007,589983.75
2831,5,4,28,3,1,579.67,10.94,0.3705,7,0,1,5,2009,586843.62
3590,4,1,48,0,2,2913.04,27.06,0.0079,10,1,1,0,2016,654255.39
1523,4,3,41,1,2,493.83,21.33,0.055,1,1,0,4,2002,333120.45
1933,5,3,22,3,1,1077.35,13.04,0.8426,5,1,0,2,2015,436582.12
1123,5,1,45,3,3,981.32,21.13,0.4765,8,0,0,0,2018,280176.89
2064,5,2,9,2,3,280.98,19.77,0.7393,4,0,1,2,2021,451798.55
2154,4,1,8,1,3,822.69,7.56,0.6469,3,0,1,1,2020,446243.66
2486,5,2,16,2,2,1831.2,11.09,0.1761,5,0,0,3,2007,535880.95
2661,2,1,2,0,1,1373.52,23.87,0.3052,5,1,1,1,2015,501749.47
2813,1,3,42,2,3,1757.66,18.31,0.2744,2,1,1,3,2008,543727.1
3082,2,1,4,0,2,1823.93,9.8,0.3339,9,1,1,1,2013,609876.87
2899,5,1,3,0,3,1449.85,19.48,0.3603,10,1,1,0,2003,592866.2
1203,4,4,14,3,3,968.77,26.25,0.6659,10,0,0,3,2001,377979.44
2428,4,2,26,3,2,1990.95,28.33,0.311,7,1,1,3,2013,529803.4
3493,3,3,36,0,3,1299.58,5.57,0.901,5,0,0,1,2000,627296.53
1453,6,2,32,1,3,832.52,18.84,0.3837,7,1,1,5,2017,394104.58
2378,6,4,34,2,3,1419.05,27.11,0.3362,5,0,0,3,2006,509490.17
2971,6,4,27,2,3,2281.98,25.78,0.1508,1,0,0,0,2018,571736.39
2831,4,3,16,3,2,452.65,14.95,0.437,1,1,1,5,2010,594223.17
2071,2,3,27,1,1,2065.59,4.92,0.0826,1,0,0,5,2018,451302.6
2903,5,2,38,2,3,1031.29,21.54,0.9831,4,1,0,1,2002,583923.13
1347,4,2,42,1,3,538.22,1.13,0.7269,7,0,0,2,2000,330092.73
2928,5,4,0,0,3,1841.4,25.09,0.5913,7,0,1,0,2006,594703.52
2754,5,1,17,1,1,1592.67,20.91,0.1234,9,0,1,0,2001,540886.58
2814,3,3,46,0,3,1056.39,23.3,0.5226,6,1,1,0,2013,495246.4
2709,5,2,0,3,1,2621.14,18.69,0.717,8,0,0,2,2005,580070.6
3399,1,3,9,0,2,3356.26,22.5,0.6217,3,1,0,1,2007,618133.27
3235,1,2,39,3,3,2087.55,11.75,0.8733,1,1,0,2,2020,580322.96
3537,4,1,9,3,3,2160.0,1.07,0.7581,5,1,1,0,2008,695432.21
1150,4,3,10,3,1,492.42,17.79,0.0243,9,0,0,2,2018,324395.0
1114,5,4,42,3,1,816.71,29.92,0.8433,7,0,1,4,2015,292245.32
1517,5,3,14,0,2,1192.18,7.7,0.6184,5,0,0,2,2015,366119.4
896,2,2,46,1,3,633.24,9.72,0.0917,1,0,1,3,2015,216818.17
3112,6,2,34,2,2,768.2,20.84,0.9298,10,1,0,3,2017,622365.09
1810,3,2,48,2,1,685.36,8.17,0.4064,10,1,0,4,2008,393668.56
3527,5,2,23,0,1,2265.36,4.25,0.2722,2,0,0,0,2008,667658.3
2141,5,3,30,0,1,1385.32,4.36,0.6152,9,0,0,2,2006,488534.09
2909,4,4,10,3,3,1164.55,5.61,0.9948,6,1,1,3,2018,648846.22
912,3,1,22,0,1,132.91,6.18,0.8125,7,1,0,5,2005,262440.76
1990,2,3,39,1,3,255.48,16.39,0.7152,3,1,1,4,2007,424322.47
1150,2,3,21,1,1,1026.13,24.18,0.4239,6,0,0,3,2008,274556.96
2452,5,3,35,2,2,1669.2,28.96,0.8828,1,1,1,1,2019,493882.72
1298,1,4,34,1,2,522.09,23.33,0.7896,1,1,0,4,2015,271728.43
3870,6,3,48,2,2,3161.14,21.7,0.6916,6,1,0,3,2005,740930.24
3563,6,2,10,1,3,979.29,0.94,0.4732,4,0,0,2,0,726803.47
2032,1,3,0,3,1,1374.67,4.98,0.3841,9,0,1,5,2001,487851.92
2485,4,4,45,2,2,564.39,12.43,0.8679,4,1,1,3,2003,518761.17
1961,5,3,49,3,3,817.21,4.1,0.7842,9,1,0,1,2019,431611.53
1402,1,4,49,3,3,876.41,7.53,0.4638,5,0,1,4,2007,318337.21
3520,1,2,11,0,1,1510.73,21.95,0.6713,2,0,0,2,2020,624489.75
3733,6,3,9,0,1,2337.01,11.76,0.4816,2,0,0,4,2006,751704.93
2487,6,1,1,3,3,1849.98,28.68,0.9955,10,0,1,5,2010,582009.63
3430,2,3,48,0,2,3290.44,12.52,0.0328,6,1,1,3,2010,654492.44
3663,5,2,29,2,3,1465.73,21.68,0.5627,9,0,0,0,0,695818.08
3541,2,3,4,1,1,915.28,8.07,0.0405,8,1,1,3,2011,708942.83
3197,3,4,48,3,1,2069.77,23.22,0.7235,1,1,0,5,2018,606587.41
3253,5,2,50,3,1,2182.4,14.36,0.7131,8,0,0,5,2019,642348.8
2930,1,1,18,3,2,533.46,18.93,0.2417,7,1,0,2,2003,568622.09
3534,2,3,41,1,3,3333.44,18.13,0.1408,7,0,1,2,2013,643191.84
3921,3,1,28,3,3,980.7,14.33,0.6611,10,1,0,4,0,765084.41
3717,4,3,17,0,1,2236.87,6.29,0.0962,5,1,0,3,2015,705652.38
1282,4,1,36,0,3,1063.84,18.91,0.4014,6,1,0,2,2003,308661.75
3688,4,3,29,3,3,1378.62,18.16,0.1591,1,0,0,2,2009,693777.13
2465,3,2,3,2,3,2073.54,20.38,0.6416,9,1,0,4,2020,566496.92
1895,2,1,46,3,1,206.33,8.54,0.6421,4,1,0,0,2011,351654.02
2299,6,4,40,1,2,1023.61,28.58,0.9755,6,0,1,0,2013,454418.03
1793,3,2,19,3,2,1661.93,25.9,0.6841,7,0,0,0,0,366828.24
2747,4,3,29,0,2,617.44,11.34,0.0193,9,0,1,4,2009,581728.33
1058,4,1,44,1,2,1020.67,13.61,0.8256,5,1,0,4,2016,286080.3
3220,4,2,11,1,1,1237.78,5.74,0.161,6,1,0,2,2008,644605.57
2711,4,2,29,3,3,847.28,16.8,0.6265,6,0,0,1,2015,543050.28
2422,5,2,50,2,3,1012.86,6.82,0.2112,5,1,0,4,2005,512682.73
1582,2,4,34,2,1,640.08,25.62,0.4801,7,0,1,1,2005,311868.54
2981,2,1,33,2,3,547.43,26.25,0.2151,8,1,1,0,2011,557350.79
3778,4,1,3,2,3,2712.94,19.54,0.7905,1,1,0,1,2016,719169.2
2649,4,1,27,3,1,2543.48,11.1,0.6117,3,1,0,3,2008,539983.14
3035,2,3,48,1,3,1092.22,1.39,0.4264,4,0,1,2,2001,585143.82
2104,2,3,16,3,1,1978.55,12.14,0.604,7,1,0,1,2018,462539.52
1379,5,4,37,3,2,881.36,19.41,0.8482,7,1,1,2,2012,353153.26
1390,1,2,24,2,2,182.68,24.13,0.2233,4,1,1,2,2021,288030.7
1761,4,3,19,1,2,379.15,16.29,0.065,1,0,0,0,2020,365727.92
2645,3,1,32,3,1,1257.58,26.44,0.5545,6,1,1,0,2006,503169.65
3390,5,1,22,1,2,2869.79,20.79,0.004,4,0,0,1,2008,660068.05
3576,3,3,23,3,3,3043.2,17.9,0.0759,2,0,1,1,2001,698545.07
3959,3,1,38,3,3,1797.4,25.17,0.1359,10,1,0,4,2000,759054.75
1673,1,4,44,0,2,1514.67,29.67,0.2555,10,1,0,3,2003,354980.61
3006,3,3,28,2,2,910.38,20.26,0.6851,10,0,1,5,2003,615245.45
3807,1,4,48,1,3,3562.75,19.54,0.4099,4,1,0,1,2014,694717.65
2800,2,2,17,0,2,2107.24,5.7,0.9374,9,0,1,1,2000,570077.37
1526,3,3,18,1,1,1395.66,29.08,0.109,7,0,0,3,2009,334608.36
1093,1,2,46,2,2,379.92,10.65,0.692,5,0,1,4,2012,258006.14
1912,3,4,3,0,1,479.44,11.89,0.9273,10,1,1,5,2010,456085.55
2913,2,1,22,3,3,1783.65,14.54,0.9995,10,0,0,4,2012,600916.63
3495,4,4,24,1,1,2640.84,0.58,0.6941,4,1,0,1,2012,663268.93
3393,5,3,16,1,2,2564.44,0.92,0.9306,2,1,0,1,2006,694189.19
3802,2,4,27,3,3,1280.97,6.3,0.074,9,0,0,5,2019,758829.62
1596,1,2,41,0,1,589.25,26.97,0.2203,9,0,1,1,2002,301487.06
2069,1,3,23,1,2,875.9,29.42,0.8196,2,1,0,5,2017,428222.55
2424,5,3,28,3,3,1705.22,28.36,0.1047,1,0,1,2,2006,508304.56
3313,6,4,3,3,3,1536.76,4.84,0.5018,5,1,0,4,2014,734991.36
1548,4,2,24,0,3,1446.22,2.12,0.288,2,1,1,2,2013,397190.31
1200,1,3,50,2,1,860.51,8.81,0.5775,2,1,0,1,2017,248675.94
3993,6,1,18,3,2,3089.08,6.04,0.7779,9,1,0,0,2014,780207.95
3767,4,4,21,2,1,590.84,18.54,0.1462,3,1,1,1,2001,693571.44
1290,6,3,17,1,3,292.82,26.34,0.9208,2,0,0,5,2003,347298.41
2544,5,3,46,2,2,1683.85,24.56,0.2484,9,1,1,0,2000,503578.13
2788,3,3,22,2,3,373.16,4.6,0.7101,8,1,1,2,0,573207.61
3188,1,3,14,3,3,406.71,21.32,0.8773,2,0,1,5,2002,630891.78
2484,3,2,8,0,1,2117.73,15.07,0.7657,6,0,1,2,2010,514605.01
1413,4,4,29,3,1,600.09,12.35,0.8761,2,1,1,2,2010,348238.64
2970,5,4,23,3,1,2232.75,11.5,0.1226,4,1,0,2,2000,610173.9
3637,6,2,14,0,2,2069.89,29.86,0.2862,1,1,0,2,2012,689278.67
2583,5,2,50,2,3,1574.86,5.91,0.0027,9,1,1,5,2009,589688.73
2736,4,4,39,2,3,1458.34,14.15,0.2914,7,0,1,4,2014,573576.64
3215,3,4,3,2,2,2912.39,22.25,0.119,3,1,1,2,2007,651903.28
3656,2,1,32,1,1,437.64,3.32,0.2991,6,0,1,5,2007,669060.67
3038,6,3,0,3,3,2983.97,15.13,0.087,2,0,0,2,2020,636026.35
3697,4,4,40,2,1,955.78,14.29,0.8466,6,0,0,4,2013,695772.79
2701,4,4,29,2,3,1584.46,22.47,0.1736,6,0,0,0,0,531040.95
2090,5,3,50,3,1,1503.76,22.33,0.7399,2,1,1,1,2021,404187.77
1778,1,2,7,2,1,1514.39,28.82,0.0472,1,1,0,2,2002,357835.67
2166,1,4,10,2,2,674.95,29.71,0.0438,3,0,1,1,2001,417375.75
2013,2,2,33,3,1,1012.05,22.33,0.6424,5,0,1,4,2003,405678.69
3962,1,2,34,1,1,3384.37,12.16,0.8462,3,1,0,1,2003,704140.51
3318,3,2,3,3,1,2002.48,23.81,0.8669,5,1,1,0,2001,639045.61
982,5,4,47,3,1,612.78,7.13,0.25,3,1,0,2,2009,270461.04
3502,6,2,32,1,3,1906.87,3.52,0.4754,1,1,1,2,2002,699721.44
1792,4,3,5,3,3,1120.39,2.43,0.7379,7,1,0,1,2018,457688.19
3190,4,3,36,0,2,2971.88,6.35,0.2931,2,1,0,2,2014,629509.81
4000,6,1,48,1,1,2561.85,26.94,0.2609,2,1,1,0,2013,684298.89
1150,1,3,2,1,1,1022.59,29.8,0.571,6,0,0,3,2015,299497.51
1025,1,4,22,3,2,558.35,6.45,0.2839,2,1,1,4,2016,307288.96
1663,2,2,8,2,2,989.75,8.15,0.0918,6,0,1,3,2020,397883.2
1676,5,2,30,0,3,504.86,14.36,0.6936,9,0,1,2,2006,385052.51
2246,3,2,20,2,3,1818.13,6.11,0.8338,10,1,1,1,2014,488215.93
1908,5,1,14,2,3,1682.6,6.52,0.6448,9,1,1,4,2016,479566.15
2677,6,1,36,1,1,2313.96,24.59,0.9777,9,1,0,5,0,560313.92
3297,1,3,16,3,2,1936.35,10.61,0.403,7,0,1,4,2012,661676.88
1732,6,3,38,3,3,310.78,17.82,0.6564,4,1,0,4,2006,438092.61
2866,1,2,21,3,2,2095.65,16.25,0.3333,4,0,1,5,2008,588307.27
1358,1,4,49,1,1,861.04,11.28,0.6167,6,1,0,1,2018,287727.88
3796,6,3,14,3,2,1548.95,20.01,0.9578,5,1,0,3,2010,754100.22
2534,1,2,38,3,2,1490.86,29.64,0.5277,2,1,0,1,2012,435767.87
3273,2,2,24,3,1,1324.54,23.39,0.5747,7,0,0,3,2006,608763.92
3620,1,2,49,3,2,1883.91,10.74,0.3363,4,0,1,2,2002,638202.15
3577,1,3,18,0,3,746.74,14.91,0.684,1,1,1,5,2010,687775.78
3530,4,1,43,0,3,3058.52,7.83,0.0079,3,0,0,0,0,630877.74
3423,4,1,49,2,3,3089.09,7.93,0.5131,6,0,0,1,2011,653411.29
2500,5,2,42,0,2,1282.46,18.32,0.7124,4,0,1,4,2009,493005.59
2176,2,4,32,3,2,837.8,21.67,0.9028,10,0,1,3,2019,463073.91
2662,6,3,13,0,3,1204.65,15.57,0.8645,8,1,0,0,2007,553711.14
1981,4,2,40,3,3,445.3,3.29,0.1414,1,1,0,3,2020,432827.68
1346,3,3,13,2,1,923.16,28.79,0.1787,2,1,1,4,2009,348906.29
2802,5,4,32,0,3,2670.45,2.23,0.8897,1,1,1,5,2008,610023.21
2359,3,2,34,0,2,2306.78,5.19,0.5991,3,0,0,4,2018,482950.56
1987,2,1,45,2,3,1081.25,6.01,0.8499,7,0,1,3,2010,411567.25
1642,2,1,31,1,2,435.97,15.4,0.6418,4,0,1,2,2000,340513.39
3875,1,2,37,1,2,965.82,6.46,0.3471,5,0,1,3,2003,669044.82
3786,3,4,10,0,2,636.19,15.74,0.8523,8,1,0,5,2011,750497.61
1844,2,1,43,0,2,380.61,24.05,0.8046,6,0,0,5,2010,347053.03
2831,4,3,16,2,1,1555.6,18.3,0.8557,8,1,0,1,2018,556072.93
2439,2,3,42,0,2,1818.35,0.58,0.4786,5,1,1,2,2012,498748.3
1794,6,2,14,1,3,1782.15,25.25,0.1338,8,1,0,5,2017,463683.04
3447,1,4,6,3,2,1015.26,17.01,0.2822,10,0,0,3,2021,685073.84
2229,5,3,15,3,3,1087.18,28.16,0.9839,10,0,0,5,2014,537526.22
1192,1,1,0,0,3,480.46,5.19,0.0384,6,0,1,2,0,290568.94
2693,5,1,22,0,1,923.86,12.06,0.4275,8,0,0,0,2000,517680.6
2839,6,3,30,3,3,1558.42,6.83,0.3247,5,1,0,2,2021,612285.97
2057,2,1,34,1,2,525.93,27.82,0.6317,6,1,0,4,2016,427413.3
3248,1,2,15,1,2,2735.16,29.71,0.05,7,1,0,2,2002,604118.61
1136,2,2,6,2,1,727.17,11.94,0.5399,6,0,0,5,2014,300845.66
1804,2,3,7,1,1,1288.67,27.29,0.0648,4,1,0,4,2015,402588.49
2461,5,3,18,1,2,2315.68,25.7,0.3167,6,0,1,3,2005,553475.56
842,5,2,49,1,1,641.44,3.53,0.4498,10,0,0,5,2002,289232.8
1369,5,3,18,0,1,397.39,11.91,0.3911,6,1,0,2,2018,339665.81
3291,1,1,33,2,3,1748.11,20.76,0.7476,10,0,1,5,2012,638319.71
3140,2,4,45,0,1,1217.77,4.23,0.8062,5,1,0,0,2003,579987.15
3227,1,1,42,3,2,1716.1,1.11,0.4813,6,1,0,4,2020,628634.85
3950,6,2,47,1,1,1263.28,4.43,0.1119,7,1,1,3,2011,762226.3
2947,5,2,7,2,3,1972.19,24.29,0.9395,8,0,0,5,2020,631516.59
822,3,4,28,3,2,520.43,0.89,0.3958,7,0,1,4,2016,285197.57
3249,4,4,13,1,2,1014.9,24.49,0.3852,7,1,0,3,2001,669062.02
1953,4,4,17,0,3,1829.7,6.6,0.8834,5,0,0,3,2019,440909.25
1581,1,4,15,1,3,1379.75,27.2,0.0051,9,1,0,2,2001,368050.46
3258,1,4,25,0,1,2427.05,3.34,0.0811,8,0,0,2,2003,633874.43
2670,3,2,41,1,3,2223.51,19.92,0.2196,2,1,1,2,2011,536497.79
1504,1,2,34,0,2,466.73,5.01,0.3834,7,0,1,2,2017,311094.21
1277,1,4,48,2,2,375.78,13.79,0.5006,10,0,0,0,2020,282612.44
1247,3,3,4,0,1,814.12,17.76,0.566,5,1,1,0,2019,313377.96
2887,6,4,30,2,2,2143.83,16.97,0.7625,3,0,0,2,2001,589004.13
3445,1,1,44,3,2,2743.85,13.94,0.4271,10,1,0,0,2014,624766.29
3268,1,4,5,2,2,619.77,4.86,0.3534,4,0,1,4,2008,640490.01
3308,5,2,49,3,1,1234.64,18.82,0.6254,10,1,1,2,2003,639040.03
2681,5,1,0,1,2,1190.58,6.56,0.6057,3,0,1,4,2018,561907.57
2940,6,1,9,0,3,1919.66,29.09,0.5796,1,1,1,4,2011,606137.59
1462,5,2,40,1,2,793.9,2.3,0.6144,8,0,1,0,2018,350645.37
3360,5,1,7,3,2,1447.69,8.18,0.1773,8,0,0,5,2012,691419.23
2917,6,4,9,1,2,2765.17,22.6,0.2237,2,0,1,0,2014,602398.74
1879,1,2,6,1,2,1684.84,5.18,0.2736,10,1,0,2,2009,447863.27
3425,3,1,0,2,3,2741.51,22.72,0.5508,2,1,0,5,2001,709419.34
2837,5,2,49,2,1,820.0,18.75,0.3706,2,0,0,2,2010,534530.01
3995,1,3,26,2,1,2103.24,3.43,0.6456,8,1,1,4,2000,780505.61
883,6,4,12,1,1,765.45,2.93,0.425,8,0,1,5,2001,348695.12
3015,2,1,18,2,2,2450.57,27.53,0.7901,3,1,1,0,2010,555774.73
2635,2,1,5,0,2,1618.15,22.32,0.4491,4,0,0,3,2005,499990.3
2930,1,2,30,3,1,1373.37,7.69,0.5483,5,1,0,3,2000,587353.43
1879,3,4,16,1,2,1594.0,21.75,0.7801,10,1,1,0,2009,419972.5
1488,1,4,38,0,3,838.94,12.25,0.5219,2,1,0,0,2012,322321.43
2501,3,1,44,2,1,757.11,11.07,0.242,9,1,0,4,2017,506282.32
3092,1,4,47,2,2,450.9,18.53,0.2983,6,1,1,5,2021,575012.17
1285,3,2,36,0,1,456.59,20.4,0.4623,6,0,1,5,2013,299516.97
824,1,3,24,2,3,458.66,23.57,0.0368,8,1,0,2,2019,219684.8
1734,5,2,27,0,1,1247.42,5.7,0.4551,8,0,1,5,2010,446954.04
1546,1,1,28,3,1,956.91,26.63,0.2386,9,1,0,0,2019,326504.77
1272,1,1,7,1,3,627.6,4.63,0.8313,4,1,0,1,2018,306272.69
2808,2,3,25,0,2,2669.18,15.83,0.9326,3,0,0,1,2017,545253.11
3090,3,1,21,1,3,722.44,27.75,0.1982,10,1,0,1,2002,576465.57
2811,6,2,9,2,2,2468.19,23.03,0.8829,2,0,0,5,2006,622096.29
3242,1,3,45,3,1,1778.3,17.17,0.3974,5,0,0,4,2010,603033.53
3942,5,2,37,2,2,3447.48,6.73,0.5819,7,0,1,4,2005,770586.72
2978,4,2,27,0,3,2266.9,28.33,0.8557,10,0,1,0,2003,580040.97
2459,3,1,24,3,1,259.89,14.02,0.0316,3,0,1,0,2015,469865.69
2582,1,1,15,0,1,627.53,21.09,0.088,5,0,0,0,2007,432674.77
863,1,2,0,0,1,804.3,28.94,0.4073,2,1,1,4,2012,248284.45
1055,5,1,39,0,1,797.8,11.17,0.8212,7,1,0,1,2016,260276.57
3766,3,2,39,2,1,1852.92,10.8,0.936,5,1,0,2,2016,692982.81
1547,6,1,40,0,2,1232.54,11.66,0.8128,7,1,0,4,2011,391170.96
1482,2,4,13,0,3,1227.86,20.37,0.254,3,0,1,2,2015,326308.67
2215,4,2,39,3,3,1366.05,25.29,0.563,1,0,0,3,2010,434638.54
3935,6,4,19,3,3,978.59,5.31,0.2925,2,0,1,3,2002,783720.03
1319,1,1,0,2,1,530.96,6.51,0.8254,7,1,0,0,2004,311219.8
3693,1,3,2,1,2,1297.37,13.09,0.8015,4,1,1,2,2019,691525.44
3638,5,4,14,1,1,886.79,13.73,0.0237,5,0,1,1,2004,683204.16
3201,5,1,6,0,3,694.34,6.25,0.5393,6,0,1,1,2001,644880.01
1561,2,2,28,0,1,560.92,17.02,0.776,8,1,1,1,2016,312994.03
2018,5,1,3,0,1,1825.85,16.49,0.7366,6,0,1,1,2008,431619.54
2412,5,3,2,2,2,1908.96,7.75,0.6914,1,0,0,1,2004,528531.7
1918,1,1,4,3,1,1884.99,22.38,0.1099,8,0,0,0,2006,412799.12
3168,5,2,26,0,1,662.29,4.65,0.9195,10,1,0,0,2017,608318.57
2495,2,2,28,3,3,446.91,3.04,0.1922,6,1,1,3,2003,540656.01
1728,1,2,46,2,1,929.29,4.85,0.7059,2,1,0,5,2006,388638.08
2941,5,2,29,0,1,316.68,4.19,0.2163,4,0,1,5,2016,589737.22
1552,2,2,20,3,2,1131.18,23.95,0.5386,1,1,1,4,2003,359231.77
1621,2,4,13,1,2,1221.89,9.17,0.9253,10,1,1,1,2009,385956.44
2290,1,1,9,2,2,266.86,8.55,0.6405,7,1,1,1,2021,468924.96
895,6,4,24,1,2,870.89,1.23,0.1844,2,1,1,5,2003,353894.49
3872,4,2,44,2,3,2394.99,26.81,0.9146,5,0,1,5,2006,723764.19
2614,2,2,18,1,3,1298.73,15.85,0.6882,5,0,1,0,2016,489111.66
3060,2,2,13,3,1,1560.4,22.54,0.7092,10,0,0,1,2021,565639.1
2981,6,1,42,1,1,2854.07,11.05,0.0754,9,0,0,4,2020,625197.9
3553,1,1,22,3,1,2086.04,14.68,0.8617,2,0,0,4,2021,652147.64
3032,4,3,13,1,2,2445.27,24.96,0.6049,3,1,0,4,0,620102.39
3384,4,2,41,3,2,2289.93,27.45,0.1719,3,0,1,0,2000,609682.9
3256,3,4,43,2,3,450.47,28.18,0.2951,2,0,1,0,2000,586993.6
1173,4,3,1,1,1,596.23,5.89,0.8218,9,1,1,1,2004,348780.18
3847,3,3,22,2,2,3335.33,6.93,0.8362,4,0,1,0,2000,712335.37
2383,2,1,6,1,3,1770.09,19.3,0.0095,8,1,1,1,2010,504048.65
2656,1,1,28,3,2,1179.74,9.73,0.0713,2,0,1,5,2019,506747.93
1086,5,4,17,2,2,877.57,28.38,0.059,3,0,1,1,0,293293.53
1876,1,2,16,0,3,1706.39,12.32,0.8531,6,0,0,0,2012,397672.34
3404,2,3,31,0,2,543.27,0.65,0.2349,10,0,0,4,2018,641747.37
3089,5,4,22,2,2,650.11,9.02,0.8199,4,1,1,2,2009,629427.66
3539,6,3,8,3,3,1280.93,26.87,0.1156,4,1,0,5,2007,742047.53
1119,6,4,26,2,3,180.03,29.04,0.4532,9,1,0,2,2016,319460.11
3088,6,1,5,3,2,732.84,25.29,0.5135,5,0,0,2,0,625362.81
3972,4,2,29,3,3,3517.17,2.09,0.3956,8,0,0,3,2021,782436.61
1311,4,1,50,2,3,361.13,1.44,0.6109,7,1,0,3,2006,348560.99
1521,2,2,18,3,2,602.24,8.07,0.5572,1,0,1,5,2008,384038.66
2031,4,1,18,2,1,956.17,15.01,0.8527,4,1,0,1,2003,448487.69
2960,1,2,25,0,3,2859.22,7.85,0.3017,6,1,1,3,2014,595113.07
3692,5,2,24,0,2,2570.86,7.46,0.8637,2,0,0,1,2008,680555.88
2230,5,4,10,3,1,706.04,13.59,0.9346,7,0,1,4,2021,500890.61
1587,1,1,0,3,3,268.3,25.21,0.2353,9,0,0,3,2005,394944.06
2743,6,2,23,2,2,870.18,27.83,0.0548,5,1,0,1,2011,540662.72
988,4,2,14,1,3,943.08,15.79,0.9789,7,1,0,5,2018,317009.43
3761,2,4,4,1,2,2145.64,29.34,0.0469,7,0,1,3,2019,715443.89
3981,4,2,41,3,2,1820.59,14.81,0.1231,9,1,1,5,2000,799517.79
2114,3,2,41,2,3,352.89,5.85,0.2694,7,0,0,4,2020,457666.67
1924,1,3,27,2,2,1732.53,16.52,0.3975,3,1,1,4,2016,419901.7
2184,5,1,21,1,1,1490.75,12.53,0.4591,10,1,1,5,2002,514204.92
1503,6,1,38,2,3,1431.44,24.22,0.3705,1,0,1,5,2011,374881.31
1984,2,3,34,2,1,207.03,23.34,0.9313,2,0,0,2,2007,380435.61
2850,1,3,26,3,3,369.9,5.7,0.0827,4,0,1,2,2002,537173.88
2179,5,4,26,3,3,233.63,24.1,0.4367,6,0,0,1,2009,448687.66
1530,6,3,6,3,3,1519.86,5.72,0.195,1,0,0,0,2012,382637.57
2820,5,3,26,0,1,1940.67,10.09,0.9135,7,1,0,5,2016,586452.73
1130,4,4,1,1,2,852.04,20.62,0.1233,3,1,0,0,2008,302581.16
2999,5,3,42,1,2,1902.79,3.97,0.2745,4,0,0,4,2012,618384.45
2592,1,4,3,1,3,1305.57,0.74,0.6262,9,0,0,0,2016,542679.42
3799,1,4,42,1,1,715.55,24.19,0.9366,7,1,0,4,2013,660214.97
3007,4,2,4,1,3,1920.24,28.14,0.6351,6,1,1,3,2011,644244.29
3851,1,2,48,3,3,736.15,18.94,0.7988,3,0,1,5,2021,691470.59
2440,2,3,3,3,2,1442.91,21.97,0.1316,5,1,0,2,2011,515100.3
3954,6,3,45,1,2,1922.52,26.96,0.8875,2,1,1,4,2000,751397.45
1532,1,2,36,2,1,1284.13,19.77,0.179,5,0,1,0,2019,286096.95
2600,1,3,46,3,3,308.76,11.42,0.9881,2,1,0,4,2010,481133.45
2549,1,2,38,0,1,711.56,9.1,0.7866,1,1,1,4,2007,461049.35
2022,5,3,10,3,2,768.54,29.64,0.8904,7,1,1,2,2009,455150.2
3397,6,4,29,1,3,2619.75,5.92,0.9957,3,0,0,3,2010,714280.83
1883,1,3,11,0,3,1605.29,26.24,0.7298,2,1,1,3,2017,419933.6
1871,6,3,17,3,1,1308.94,14.78,0.1874,6,0,0,3,2021,432798.63
1449,5,4,48,2,3,1328.25,16.19,0.6189,2,0,1,0,2013,337828.71
3302,5,3,18,3,1,1293.9,17.98,0.0057,6,1,0,2,2000,655993.35
1660,4,3,50,3,1,606.65,16.81,0.6902,3,1,0,4,2013,384125.57
3141,2,1,49,1,2,575.92,10.99,0.5981,4,0,0,0,2003,513153.03
3302,1,4,28,1,3,2553.62,2.57,0.4401,6,0,1,4,2003,663367.99
1048,4,2,48,3,3,669.21,1.43,0.4658,6,0,0,5,2001,315341.36
1066,1,3,0,2,1,503.17,5.64,0.4716,10,0,0,0,2005,277420.45
2044,2,3,43,3,2,440.01,29.08,0.1519,2,1,0,0,2000,382039.39
2289,4,3,48,2,1,957.76,9.41,0.0602,1,1,0,5,2011,488293.29
1064,3,1,39,0,1,781.22,19.96,0.8284,1,0,1,0,2002,233885.31
1177,1,4,33,1,3,795.81,4.28,0.2807,10,0,1,1,2010,286764.53
980,2,1,15,2,2,738.11,1.8,0.4157,6,1,0,3,2021,300490.65
3931,5,2,5,2,1,1872.75,11.83,0.989,7,0,1,5,2001,798421.57
3004,5,4,49,3,1,1247.72,23.25,0.0386,6,1,0,5,2020,619229.26
1236,4,3,40,2,2,966.73,4.87,0.0737,3,1,0,1,2015,311538.17
888,4,1,21,2,1,671.63,9.52,0.8064,9,1,0,2,2003,273884.41
3895,3,2,19,2,2,2592.56,21.5,0.7267,10,0,0,2,2018,729140.21
3203,6,4,20,3,1,752.19,16.91,0.2448,10,0,0,1,2021,630703.9
1627,3,1,25,1,2,1444.67,21.39,0.3558,2,1,0,1,2002,369786.81
2923,1,2,23,3,1,1388.44,18.11,0.1229,9,1,1,2,2011,559761.02
3379,2,2,40,1,3,1792.88,5.79,0.1063,5,0,1,4,2000,662187.98
2792,4,4,29,0,2,2352.93,21.24,0.4166,6,0,0,5,2005,580114.23
2905,1,1,28,0,1,2713.26,9.23,0.8741,8,1,0,2,2006,550971.89
2159,4,1,2,3,2,1512.47,6.29,0.86,9,0,0,2,2012,518582.27
2486,2,1,14,3,2,605.74,16.57,0.6449,10,0,1,4,2012,510927.52
2178,4,3,9,3,2,1613.4,17.87,0.2473,1,0,1,2,2005,497862.81
1674,1,2,12,2,3,1002.5,6.22,0.5523,4,0,1,0,2021,374679.41
3595,4,2,28,1,2,487.04,2.61,0.4495,6,1,1,3,2004,703433.6
3188,4,4,38,1,2,1468.8,7.84,0.6906,10,0,0,5,2010,646646.19
1219,5,1,19,3,1,1128.49,23.27,0.9988,2,0,0,1,2014,313350.14
2228,5,3,8,1,1,1310.8,18.84,0.5694,4,1,0,1,2012,497994.61
2399,4,1,14,3,2,697.04,22.07,0.685,7,1,1,3,2003,539960.62
1474,3,1,12,0,3,1459.37,11.21,0.8181,10,0,0,2,2006,354848.59
2710,6,4,9,1,1,347.04,5.91,0.034,1,1,1,4,2019,598605.69
2702,2,1,14,2,1,2356.03,28.2,0.0766,7,0,0,2,2004,512490.43
1690,5,4,12,1,2,1468.62,20.14,0.2283,9,1,1,3,2008,444843.8
2123,4,2,44,0,1,1967.74,1.12,0.6743,1,0,0,4,2013,434163.44
2126,2,2,1,2,2,1051.0,24.04,0.9792,5,0,0,1,2021,426643.73
2400,3,4,38,1,2,1964.87,13.58,0.4308,8,1,1,3,2007,523878.29
1268,6,2,15,1,1,752.1,12.89,0.1513,9,1,0,1,2021,332171.66
3476,5,4,48,0,3,1861.22,25.82,0.4754,10,0,1,2,2018,648520.04
3150,1,3,46,2,3,3104.84,5.97,0.6822,10,1,0,3,2016,615947.22
2716,1,3,34,1,3,1324.24,11.79,0.3335,2,1,1,5,2018,528156.83
3192,2,4,20,2,2,2162.79,5.83,0.8272,8,1,1,3,2011,647994.99
842,5,2,2,1,3,128.65,13.51,0.296,8,1,1,0,2019,299449.3
1324,2,4,30,3,3,372.19,3.78,0.8156,10,0,0,2,2000,366297.38
3181,6,1,30,1,1,2770.99,24.39,0.7645,9,0,1,0,2017,613553.74
2517,3,2,4,0,3,2514.92,8.29,0.3094,10,0,0,0,2021,530027.16
1119,5,2,37,2,3,1115.36,24.78,0.1306,7,0,0,4,2012,327182.65
1612,1,4,33,1,1,292.04,4.54,0.9376,3,0,0,1,2006,338396.14
851,5,3,42,3,1,303.37,14.41,0.1477,3,1,0,5,2013,280202.87
1264,6,4,31,3,3,736.25,12.75,0.4973,1,1,0,5,2020,373077.74
1430,5,2,22,1,2,584.65,25.48,0.4706,3,1,0,5,2010,373285.63
1223,3,1,41,3,2,548.34,16.98,0.3178,9,1,1,4,2014,309110.35
1904,3,1,40,0,3,774.15,12.55,0.6314,5,0,0,0,2021,369613.63
2026,4,3,49,1,2,1369.4,15.84,0.0336,1,1,0,0,2000,414552.43
1579,1,2,36,1,2,1268.88,4.96,0.0565,4,1,0,0,2008,335432.32
1292,6,4,14,3,1,903.99,20.83,0.2676,3,1,0,4,2007,368264.94
2779,2,3,13,2,3,2501.83,7.22,0.1526,2,1,1,2,0,584684.72
1299,4,1,48,0,1,292.92,28.2,0.4481,6,0,1,2,2006,285503.29
1458,5,3,10,0,3,1037.07,24.53,0.3675,5,1,1,5,2003,412568.55
2687,6,2,25,1,2,1156.32,26.43,0.788,8,1,0,0,2002,566141.52
3853,6,1,1,3,3,2462.43,15.02,0.4342,2,0,0,3,2010,758897.01
2730,6,1,36,0,3,721.14,8.89,0.177,1,0,1,2,2021,548835.32
1893,6,4,50,2,3,281.92,4.85,0.6412,6,1,0,5,0,466640.37
1653,6,2,7,1,1,839.3,24.43,0.5474,3,0,0,5,2009,404427.07
2380,5,3,15,3,3,1833.75,9.78,0.3928,4,1,1,2,2019,535086.18
1053,5,2,19,2,1,1018.85,13.1,0.007,10,1,1,1,2002,318360.51
2746,1,4,9,3,3,1274.8,4.51,0.44,5,0,0,3,2008,570858.75
2788,4,3,6,1,2,664.19,24.06,0.2627,9,0,1,1,2002,568311.28
967,6,3,36,3,2,602.3,19.38,0.1665,9,0,0,5,2013,324980.71
3648,5,4,40,2,1,700.07,14.55,0.9115,6,1,0,4,2002,697805.31
2170,3,4,50,0,2,1581.06,17.28,0.9697,6,1,0,0,2012,406194.74
1387,4,1,10,1,1,766.94,18.2,0.303,7,0,0,2,2006,355292.65
3279,2,4,6,1,2,918.25,1.01,0.2685,5,0,1,5,2002,669048.74
1207,3,2,0,0,2,1074.74,1.56,0.4722,5,1,1,2,2002,341937.53
3071,1,3,4,0,1,549.33,21.78,0.5713,7,0,1,3,2019,564259.59
3187,5,1,44,0,2,2851.6,7.12,0.016,2,1,0,5,2019,630920.28
1177,2,1,15,1,3,793.19,9.56,0.0522,6,0,1,2,2009,310937.07
3256,3,3,11,3,3,1289.55,25.36,0.9469,1,1,1,2,2007,645726.37
981,6,1,46,2,2,712.93,9.14,0.6802,6,1,0,2,2015,286747.69
3290,3,2,15,1,1,3157.16,24.74,0.7961,9,1,0,5,2004,657723.79
2839,5,2,32,1,1,1562.63,22.94,0.9743,6,0,1,4,2015,567329.79
3163,1,2,16,1,2,1991.52,8.66,0.1297,1,1,0,3,2015,591947.78
2425,4,1,50,0,3,1347.81,5.35,0.2674,3,1,1,0,2019,469892.94
3681,1,1,25,3,2,975.38,26.34,0.6829,7,1,1,1,2003,669515.21
1424,3,3,1,0,2,275.37,27.13,0.0556,3,0,1,1,2014,339703.49
1194,5,1,35,2,3,417.23,22.44,0.3812,2,0,1,2,0,305378.02
2847,6,1,9,1,3,2216.86,29.04,0.3268,1,0,1,5,2017,606383.14
2150,2,3,23,2,1,420.58,1.72,0.6323,4,1,1,1,0,445778.81
3603,1,4,23,2,2,1014.56,13.28,0.5722,7,0,1,4,2013,669014.75
2760,5,4,10,1,3,2342.21,0.97,0.4652,5,0,0,2,2012,612120.8
3158,6,4,41,2,3,1553.7,23.08,0.9077,4,0,1,4,2000,657214.54
3147,5,1,21,1,2,2960.1,6.16,0.3041,7,1,1,0,2006,652661.83
2462,5,4,25,3,1,1047.38,13.04,0.5011,5,0,0,3,2003,550483.65
3691,1,3,47,0,1,1807.49,14.6,0.073,6,1,1,2,2008,627268.77
1669,3,3,23,0,2,960.4,28.85,0.6418,9,1,0,5,2012,384083.92
2771,5,2,25,3,3,1477.57,28.96,0.9771,6,1,0,0,2006,568060.52
1120,3,4,34,1,3,258.62,22.02,0.8102,6,1,0,0,2013,287505.26
3051,3,2,40,3,3,2502.17,19.16,0.7627,5,0,0,5,0,619562.39
2625,5,2,32,1,2,2186.67,19.73,0.5101,1,0,0,2,0,501245.55
3923,3,1,27,2,3,1223.89,25.16,0.8464,2,1,1,1,2004,682243.71
2686,4,2,29,3,2,1266.18,13.34,0.6674,7,0,0,0,2003,524696.89
1356,1,2,24,3,1,1023.34,15.6,0.5994,7,1,0,0,2012,321485.8
1945,1,1,13,1,2,459.25,20.49,0.5504,7,1,1,2,2009,406395.95
2315,1,4,17,0,1,316.1,12.11,0.5908,9,1,0,2,2016,448421.66
3254,1,2,20,2,2,2646.37,22.77,0.3436,10,0,0,2,2001,629314.36
1724,5,2,16,1,1,875.9,16.96,0.9092,4,1,1,5,2018,417691.0
2687,3,4,21,2,2,1316.05,14.15,0.1768,3,1,1,1,2011,555062.68
2043,1,4,28,2,3,1685.25,22.85,0.9312,4,0,0,4,2008,449283.6
1954,3,3,12,0,1,464.1,18.37,0.1765,1,1,1,3,2020,393020.82
3700,5,3,11,3,2,1879.44,28.52,0.9413,2,1,1,3,2012,730856.31
1407,5,3,46,2,2,994.96,23.19,0.7956,5,1,1,2,2001,340001.13
3961,1,4,2,2,2,1905.23,3.87,0.08,2,0,0,2,2019,723133.44
2750,4,3,2,2,3,853.41,5.54,0.5379,5,0,1,2,0,589550.17
2338,1,2,2,0,1,1056.0,20.15,0.6213,2,0,1,4,2006,470164.49
3138,3,4,27,0,3,386.58,7.14,0.7462,4,0,0,1,2001,592798.8
1316,3,3,0,2,1,1040.69,9.77,0.4257,5,1,1,5,2013,379604.13
2942,2,3,21,1,1,1015.33,8.99,0.5985,2,0,1,0,2021,518958.29
1306,3,1,0,3,3,211.24,28.84,0.2641,9,1,0,2,2007,344702.06
1712,2,1,10,3,1,203.85,26.24,0.5818,6,1,0,0,2016,334597.26
3569,4,4,48,1,1,3466.41,10.1,0.3534,6,0,1,2,2009,660287.37
2705,3,4,15,0,1,1868.86,10.84,0.1794,3,1,0,1,2001,561807.6
2960,2,3,37,2,1,2720.21,3.29,0.3774,9,1,0,4,0,611047.89
3330,6,1,20,2,3,901.84,6.23,0.294,7,1,0,3,2006,691720.05
1471,1,3,10,2,3,663.52,13.18,0.0203,7,0,1,0,2015,357429.8
2638,1,2,18,1,3,1169.29,9.43,0.3371,3,0,0,3,2012,494539.4
2925,1,4,27,3,2,573.1,10.31,0.9409,2,0,0,2,2004,552322.94
2485,5,2,21,2,3,1771.34,9.99,0.1787,9,1,1,2,2020,550066.36
2374,4,4,30,0,3,2070.12,4.47,0.2306,7,0,0,5,2015,529384.45
1558,5,2,25,3,1,583.35,19.6,0.022,5,0,0,2,2007,374487.84
1559,4,1,32,0,1,1044.31,1.14,0.6371,4,1,1,3,2008,374067.65
1837,6,2,42,0,2,627.64,20.17,0.4134,5,0,1,4,2002,433408.25
2922,3,2,2,0,3,1805.57,4.01,0.9778,8,0,1,5,2019,615460.64
3047,1,4,14,0,1,389.08,13.31,0.8067,2,1,0,2,2013,545614.77
3585,2,3,46,3,2,598.59,26.58,0.2346,2,0,1,1,2014,600064.73
1182,6,1,43,0,3,796.69,7.03,0.8099,6,1,1,2,2020,315561.52
3467,5,3,15,2,3,914.96,17.84,0.9184,5,1,1,0,2003,665549.2
2839,5,1,42,0,2,1879.55,16.52,0.4703,1,1,0,5,2014,542245.43
2424,1,1,40,1,1,2167.18,12.56,0.8771,2,0,1,3,2012,451345.63
3021,6,3,15,0,3,1131.31,4.89,0.6637,10,0,1,0,2001,623382.43
3540,5,4,19,1,1,3056.38,5.48,0.6548,1,1,1,4,2021,724968.48
3291,2,4,39,2,2,1720.27,23.89,0.6175,5,1,1,1,2000,612612.48
1326,5,2,23,2,3,145.56,13.08,0.0967,8,0,0,2,0,329139.73
1841,6,1,29,0,3,705.82,18.91,0.1044,1,1,1,5,2006,438110.95
2000,1,2,50,0,1,855.07,11.1,0.9152,9,0,1,0,2007,360552.98
843,5,2,49,0,2,806.5,6.32,0.189,2,1,1,4,2012,241026.09
874,2,4,3,1,1,258.28,10.84,0.843,1,0,0,0,2004,224650.29
1300,4,2,35,3,1,205.06,7.8,0.5835,7,0,0,2,2010,309598.54
2121,3,4,4,2,3,547.58,6.3,0.3359,7,1,1,2,2009,488791.57
2593,2,2,16,1,1,693.0,6.16,0.4627,9,0,0,0,2008,496398.89
2852,5,1,4,3,2,2714.59,21.4,0.2273,2,1,1,4,2010,613453.1
2495,6,1,29,3,2,2142.08,11.57,0.1976,3,1,1,0,2008,533204.88
1984,6,4,39,3,1,1560.48,16.67,0.5891,5,0,1,2,0,425015.85
2658,5,4,8,0,2,1516.83,25.34,0.0205,7,1,0,0,2002,551992.06
3879,1,4,37,1,3,2035.18,1.18,0.8166,9,0,1,2,2000,727953.38
1315,5,3,1,1,3,207.88,3.01,0.4578,7,0,1,5,2012,407424.02
2406,4,2,9,2,2,1160.05,11.32,0.0277,6,0,1,5,2009,548109.85
2849,3,2,17,1,3,1613.05,9.29,0.0909,9,1,0,4,2017,602464.95
2744,1,4,24,3,3,2593.74,0.82,0.3865,4,1,0,5,2003,591975.27
3006,2,2,25,1,1,943.32,2.43,0.2009,1,0,1,1,2020,547618.74
1797,6,1,49,0,2,1154.01,28.03,0.7185,3,0,0,1,2017,347736.43
3187,6,2,15,2,1,2696.93,3.38,0.7292,5,1,1,1,2008,651565.36
2857,1,4,15,3,2,798.73,26.96,0.8785,4,1,0,0,0,543523.88
3341,3,1,15,3,2,2145.99,1.92,0.2895,4,1,1,2,2021,669386.35
946,3,2,38,2,3,242.43,12.4,0.8864,1,1,0,4,2007,286452.53
3169,2,3,18,1,1,1562.66,25.4,0.384,10,0,0,4,2001,617530.39
1371,2,3,5,0,2,486.13,26.01,0.8082,3,1,0,0,2000,312646.61
2157,6,4,31,0,3,1984.99,11.75,0.834,2,0,0,0,2021,472660.33
1924,1,2,15,3,1,423.88,9.96,0.6428,1,1,1,4,2013,407467.3
2341,2,4,33,0,3,541.78,10.85,0.1413,7,1,0,1,2018,458762.39
1474,1,3,47,1,2,679.64,12.19,0.2392,5,0,1,4,0,297057.58
3411,5,2,39,0,1,2165.09,2.89,0.2166,5,0,0,4,2021,655127.65
3822,4,3,8,2,2,3404.71,15.4,0.1739,7,1,0,0,2002,747719.82
1911,6,3,36,2,1,1104.3,20.91,0.2436,2,0,1,1,2010,396008.48
1358,4,1,4,0,1,964.69,27.18,0.7176,2,1,0,4,2003,329140.62
1630,6,4,10,0,3,1160.95,25.53,0.4349,9,1,1,0,2000,442424.58
2630,3,3,23,2,1,1483.51,15.81,0.528,4,1,0,5,2014,546088.21
3411,6,2,47,1,1,1250.92,7.83,0.2952,8,0,1,4,2021,668374.54
1938,6,1,6,2,1,626.26,17.4,0.2159,8,1,1,5,2009,472150.45
802,3,3,14,1,2,481.46,27.73,0.5673,4,1,0,5,2016,258935.8
2057,4,4,22,3,3,1494.06,4.88,0.8881,2,1,0,2,2019,466032.6
3042,6,4,0,0,3,1143.41,20.06,0.4444,9,0,0,1,2014,648262.93
2196,3,4,13,2,2,1777.74,27.41,0.502,2,1,0,1,2011,473904.95
2024,4,4,2,2,2,749.98,11.3,0.4386,9,1,0,1,2011,483662.83
1657,6,2,31,3,2,1572.86,21.5,0.7828,5,1,1,0,2002,417900.53
937,2,3,37,0,2,890.03,26.8,0.6509,4,0,1,3,2004,247616.64
2889,6,3,19,3,2,931.24,1.01,0.3792,2,1,0,4,2012,627000.39
2070,3,3,38,2,2,1080.87,26.41,0.2308,3,1,0,3,2010,429750.22
3974,2,4,16,1,3,967.69,20.83,0.35,1,1,1,5,2015,737979.32
3890,5,1,19,1,3,2380.18,15.87,0.4838,6,1,0,2,2017,739068.77
2276,4,3,47,0,1,1121.69,7.56,0.3807,10,1,0,3,2013,496072.42
3257,3,2,35,2,3,2852.43,18.0,0.5849,2,0,1,4,2018,623660.66
1684,6,1,40,0,1,1176.17,6.3,0.6589,4,0,1,4,2012,372468.27
3905,6,3,24,0,1,900.79,23.35,0.0711,8,1,0,3,2020,744892.36
3562,2,4,10,2,2,1262.33,20.84,0.9512,4,1,0,1,2004,678194.92
3568,2,1,36,3,1,3339.16,22.07,0.1557,7,1,1,0,2016,638433.16
2674,1,3,8,3,1,1657.63,1.82,0.3205,6,1,0,4,2021,546119.01
2682,6,3,9,1,3,353.05,6.95,0.0114,1,1,0,3,2020,571983.58
3018,6,3,26,2,3,2011.72,26.83,0.5382,4,0,1,3,2006,618795.08
2050,2,3,11,1,3,481.1,4.67,0.5968,4,0,0,1,2007,415755.61
1850,4,1,50,3,2,849.29,29.59,0.6953,1,1,0,5,2012,381358.97
1519,2,2,13,0,2,848.7,2.74,0.7303,1,0,1,4,2015,336868.79
1687,5,2,27,3,2,965.02,17.75,0.14,9,1,1,2,2007,413284.6
2245,5,1,32,1,3,1585.18,28.87,0.0149,7,1,1,0,2005,459311.35
823,1,2,10,3,3,108.03,27.59,0.0941,9,1,1,2,2010,264474.81
2331,2,2,23,3,3,756.43,5.65,0.3354,10,1,1,1,0,499848.28
3420,5,3,44,3,3,1821.51,27.39,0.1987,6,1,1,1,2016,660068.53
3262,3,3,50,1,1,1921.06,22.21,0.9783,8,1,0,3,0,603690.73
3498,2,2,3,0,2,694.11,13.17,0.9256,6,1,0,4,2018,679491.35
1820,5,4,50,2,1,676.82,26.22,0.3967,3,1,1,1,2002,395001.56
1560,3,4,36,3,1,998.43,9.63,0.2756,1,1,0,4,2015,365968.73
3151,4,4,27,1,3,2611.12,29.97,0.543,3,1,0,5,2019,618316.3
1486,6,1,49,2,3,482.09,6.95,0.5447,3,0,1,5,2013,356370.19
2755,4,2,41,0,3,1433.66,20.76,0.7564,9,1,1,2,2020,528096.0
2614,6,3,39,2,1,2194.7,10.44,0.9831,8,1,0,3,2020,557578.84
3425,2,2,10,2,1,3282.86,27.74,0.2175,3,0,1,5,2019,649320.18
1034,6,1,21,2,2,519.0,10.31,0.5601,5,1,0,4,2014,336550.21
1696,4,2,48,0,2,963.52,21.91,0.0858,2,0,1,5,2015,373099.09
3765,4,1,23,1,1,3117.19,27.17,0.6774,2,0,0,0,2017,653482.92
1646,1,2,22,3,1,400.33,4.76,0.5153,1,1,0,4,2009,356427.02
3099,4,4,16,1,3,1131.09,27.51,0.6982,8,0,1,4,2019,617758.2
2591,6,3,24,3,2,352.79,18.19,0.2909,10,0,0,1,2006,556319.25
1233,4,4,4,3,1,915.83,22.58,0.0036,5,0,0,3,2003,342884.84
3607,5,3,16,0,2,3412.86,26.1,0.6081,4,0,0,1,2011,688945.81
3402,4,3,5,3,2,1687.84,4.42,0.463,2,1,0,3,2011,681929.9
2336,5,2,6,0,3,1226.18,4.97,0.9616,8,0,1,4,2014,536626.45
2402,2,4,17,0,2,565.29,28.3,0.5214,5,0,1,1,0,430784.78
2428,6,3,19,3,3,1459.47,9.99,0.5067,4,0,1,2,2017,528684.13
3332,6,4,11,1,2,987.96,19.88,0.3531,8,0,0,3,2019,694456.49
2008,1,4,28,2,1,1764.86,9.32,0.3245,1,0,0,0,0,389488.35
3449,1,2,43,0,2,2561.89,16.57,0.9365,6,0,1,4,2009,640029.76
1713,4,2,34,0,2,1457.84,13.48,0.6083,3,1,0,4,2021,377465.59
919,1,4,26,3,3,220.76,14.8,0.1457,2,0,1,3,2000,268691.09
3010,6,1,24,2,2,1039.31,27.35,0.3981,3,1,1,0,2008,562771.21
2003,4,4,45,3,3,1784.83,17.14,0.9256,3,1,0,3,2016,452282.43
970,3,4,21,3,3,373.6,19.29,0.9585,7,0,0,4,2006,300529.62
3029,2,3,43,1,2,1651.66,1.79,0.9496,6,0,1,1,2011,578767.28
2500,5,1,20,2,2,831.63,26.03,0.4805,8,1,1,4,2015,556104.72
2269,6,4,4,0,2,391.27,28.38,0.707,10,0,0,3,2019,493364.69
3736,1,2,6,2,3,2665.84,17.52,0.7589,6,1,0,3,2021,707153.25
1324,6,3,43,2,1,621.6,7.52,0.0486,4,0,0,0,2001,302231.87
1558,2,1,13,1,3,1316.1,10.27,0.9896,6,1,0,5,2020,388947.5
1622,2,2,5,3,2,1455.85,23.68,0.4306,3,0,0,4,2015,381615.81
3478,3,4,20,3,2,1280.3,19.07,0.7746,10,1,1,5,2020,692271.81
2741,5,3,25,0,3,1306.76,22.66,0.4433,9,0,1,1,2002,570850.52
1076,2,1,4,0,2,522.33,16.37,0.1062,4,0,1,3,2001,272536.27
2123,4,2,7,2,1,1450.06,15.88,0.6617,6,0,1,5,2013,485884.5
2464,3,2,43,3,2,1351.36,7.86,0.5711,9,0,1,5,2014,525996.53
1147,3,3,28,0,1,1019.38,24.34,0.3201,1,0,0,4,2018,276708.37
3390,5,2,44,2,2,2307.59,22.98,0.8787,3,0,1,0,2009,628273.48
3284,2,4,14,1,2,1017.19,11.14,0.473,8,1,1,5,2011,685353.1
3691,2,2,14,1,1,1266.21,21.65,0.9454,9,0,1,4,2007,706581.68
2262,4,3,31,0,2,1833.36,29.14,0.6937,5,0,1,5,2005,489738.99
3829,6,2,5,0,3,3031.21,7.03,0.8429,5,1,1,5,0,790519.9
1437,3,3,6,1,2,1279.45,4.99,0.0501,6,1,1,0,2001,390424.05
2855,1,4,7,0,3,2372.84,2.77,0.66,4,1,1,5,2017,606840.72
2742,6,2,45,3,2,1368.3,18.52,0.5098,4,0,0,5,2020,547830.19
3590,5,4,43,0,2,3155.43,18.02,0.52,6,1,1,1,2012,685387.75
1184,3,1,0,2,1,526.76,24.29,0.2402,3,0,0,1,2017,297109.14
3194,1,3,26,3,1,2941.76,17.78,0.8965,3,0,1,0,2002,571312.65
2992,3,1,47,0,2,2399.57,25.8,0.1847,6,0,0,0,2015,511291.64
1817,2,3,5,0,1,339.93,3.17,0.2856,8,1,1,3,2020,419972.75
925,3,2,49,0,2,334.08,13.89,0.2424,5,0,0,4,2008,250709.27
903,3,4,4,3,3,391.94,23.19,0.4917,7,1,1,1,2006,317218.73
1084,1,4,13,0,1,518.93,4.51,0.007,1,0,0,1,2011,237506.81
3238,3,3,4,3,2,2803.99,25.39,0.8998,9,1,0,4,2000,685022.0
1557,4,4,10,0,2,474.16,19.83,0.2519,6,1,0,0,2014,347236.53
1984,3,4,9,0,3,421.61,5.5,0.7058,10,0,1,4,2018,462779.61
2877,5,4,12,2,1,2348.99,3.72,0.7985,5,0,0,3,2016,611610.88
3235,3,1,50,0,3,3157.05,27.48,0.2921,7,1,1,3,2017,587378.12
3736,1,3,34,1,1,1657.67,0.66,0.6019,2,0,0,2,2010,670967.74
2847,3,4,7,3,1,2794.08,19.33,0.1449,8,1,0,4,2010,604098.69
2992,4,4,5,2,2,1794.22,7.37,0.2051,6,1,1,4,2004,657472.82
2149,6,1,9,0,2,486.23,12.89,0.2541,3,1,1,2,2001,497838.48
3228,1,3,21,2,1,2389.45,6.72,0.6301,2,1,0,1,2019,582735.92
3317,4,3,7,3,3,1647.23,21.22,0.6925,7,1,1,0,2016,679014.94
1975,3,1,50,0,2,1092.8,27.41,0.0134,7,1,1,0,2018,369241.75
3522,4,1,35,2,1,3180.39,28.79,0.1811,2,1,0,4,2007,654552.54
2416,6,1,13,3,2,1660.91,20.53,0.8155,1,1,0,0,2015,514103.89
2343,3,1,39,0,2,2140.55,9.43,0.5743,5,1,0,2,2000,465445.26
1757,5,1,25,3,1,951.41,6.16,0.0847,10,1,1,3,2007,433756.33
3919,5,3,30,2,1,3583.36,7.47,0.9204,8,0,0,4,2015,778343.77
3318,5,1,20,2,2,1633.63,15.42,0.2722,2,0,0,4,2015,643886.76
1259,6,2,34,2,2,353.51,12.12,0.2791,4,1,1,5,2015,339936.34
951,5,1,37,2,1,369.07,26.77,0.7981,9,1,1,4,2004,277371.11
1927,2,4,6,3,1,317.17,5.95,0.6654,1,0,1,2,2003,410631.23
3700,3,1,36,0,3,2313.03,2.06,0.3784,6,0,1,5,2002,705535.12
3951,4,3,14,2,1,3422.29,17.2,0.352,5,0,0,1,2016,761091.98
1488,5,2,41,0,1,487.46,20.72,0.2525,5,0,1,0,2015,297052.43
3660,6,4,3,0,3,816.1,3.3,0.1038,7,1,0,5,2017,760838.54
1971,6,1,48,3,2,1793.9,20.18,0.9369,10,1,0,3,2005,459753.4
3621,6,4,7,2,1,2103.84,29.61,0.6725,5,1,1,5,2017,740459.85
1619,3,2,38,2,3,815.29,16.65,0.3924,6,0,0,0,2006,326762.28
1309,4,4,18,1,3,1152.7,10.34,0.4987,4,1,1,4,2016,369584.84
2437,5,4,31,0,1,663.55,21.27,0.0594,10,0,0,0,2013,482667.75
2896,1,2,41,3,3,570.22,3.79,0.9894,9,0,1,0,2020,524218.82
1870,4,1,33,3,2,830.22,18.94,0.5408,9,1,0,0,2011,416765.02
3445,4,4,48,0,1,845.63,26.25,0.9813,8,1,0,1,2019,591484.76
2735,6,4,29,1,2,1273.62,5.96,0.4005,5,0,1,2,2011,587614.38
2470,3,2,15,1,2,1282.73,27.49,0.8682,8,0,0,3,2016,520457.71
2685,5,1,31,3,1,2312.87,13.57,0.7043,2,0,0,2,2014,535170.38
1007,5,1,16,3,1,694.52,18.62,0.9275,3,1,0,1,2008,294692.15
1562,6,1,21,1,3,1226.74,20.98,0.1838,10,1,1,5,2016,423564.37
1816,4,1,3,1,2,330.74,21.8,0.1404,4,0,0,5,2019,432755.99
2141,5,1,34,0,3,574.58,24.22,0.4576,8,1,1,0,2017,432590.21
2556,5,1,12,1,2,553.59,5.41,0.6949,2,1,0,5,2009,546077.99
3966,1,3,27,1,3,3784.3,19.81,0.0691,7,1,0,5,2007,762994.32
3035,4,2,13,0,1,1964.97,22.87,0.7411,7,0,0,4,2006,609769.3
1125,2,1,48,3,2,912.89,18.83,0.5418,5,1,1,4,2008,271550.7
3587,2,3,7,0,1,1961.64,5.8,0.2061,3,1,1,0,2015,658179.67
1587,4,1,17,2,1,509.33,9.33,0.7149,10,0,0,0,2018,365603.07
3759,3,4,49,2,1,1058.84,4.37,0.9648,3,1,1,5,2010,725669.58
3003,1,4,8,1,2,1603.63,27.9,0.6061,2,0,0,5,2014,581874.29
3554,2,1,24,3,2,2796.33,26.47,0.0588,9,1,1,2,2010,670248.65
2678,5,2,21,1,2,1118.56,1.58,0.9334,8,1,1,0,2017,547161.07
1132,1,3,36,1,3,690.59,2.72,0.6937,7,0,0,4,2007,306976.56
3027,1,4,8,0,1,563.48,6.75,0.8143,5,0,1,1,2003,564115.36
3800,1,4,3,2,3,1784.6,7.4,0.3211,10,1,0,3,2018,773583.54
1296,6,1,47,0,3,502.15,24.23,0.3802,4,0,0,2,2010,281431.93
2688,1,3,39,2,3,750.06,29.16,0.0339,4,1,0,1,2001,496071.42
3571,5,4,11,0,1,2452.69,15.71,0.0399,7,1,0,3,2011,725079.82
1386,5,1,8,1,3,1248.5,29.47,0.2599,10,1,0,3,2018,368975.26
3072,2,1,36,0,1,1344.81,21.5,0.6556,7,1,1,3,2002,584492.51
2319,2,2,34,1,1,1256.07,18.64,0.5023,6,0,0,2,2002,446937.91
834,1,3,11,3,3,474.0,15.91,0.7364,2,0,1,4,2021,264648.86
2744,3,3,50,1,1,1963.07,22.55,0.8516,6,0,1,5,2007,525378.48
1633,3,2,48,3,2,973.68,18.84,0.587,3,0,1,3,2012,330539.4
1419,5,4,13,3,2,1020.98,23.08,0.0682,8,1,0,3,2008,382921.95
3050,6,3,4,1,2,2844.1,18.46,0.4733,8,0,0,5,2011,689682.05
2341,5,1,48,0,1,451.4,8.68,0.1727,10,1,1,3,2011,495291.11
3915,3,3,23,2,1,2391.14,20.02,0.3125,1,1,1,3,2009,741521.88
2590,2,3,50,3,2,2163.65,21.09,0.2564,2,1,1,5,2021,506808.8
972,1,3,15,1,2,448.21,17.17,0.7824,4,0,1,3,2019,258228.94
1309,1,1,32,2,2,745.79,11.69,0.247,8,0,1,0,2007,286054.15
1538,1,1,30,0,1,388.85,26.35,0.2302,5,0,1,5,2017,317616.78
1499,1,4,0,3,2,724.6,5.49,0.9485,5,0,1,5,2002,414129.9
906,4,2,2,2,2,300.31,22.34,0.4845,8,1,0,0,2007,290149.01
1495,5,3,34,2,1,1010.19,26.75,0.1401,9,1,1,4,2006,388724.29
3227,5,2,13,0,3,1872.83,20.0,0.0464,8,0,1,5,2014,665623.97
3725,2,1,20,0,1,1095.88,7.0,0.555,9,1,0,1,2012,690034.45
857,5,3,47,0,3,502.09,16.47,0.8744,7,1,0,1,2007,236451.71
1225,5,1,40,3,3,268.71,16.35,0.1836,2,0,1,4,2006,300754.78
2576,6,4,33,3,2,1631.65,9.89,0.5537,3,0,0,4,2013,582077.71
